Season,Competition,Matchday,Date,Venue,Club,Opponent,Result,Playing_Position,Minute,At_score,Type,Goal_assist
False,Liga Portugal,6,10/7/02,H,Sporting CP,Moreirense FC,3:0,LW,34',2:0,Solo run,
False,Liga Portugal,6,10/7/02,H,Sporting CP,Moreirense FC,3:0,LW,90'+5,3:0,Header,Rui Jorge
False,Liga Portugal,8,10/26/02,A,Sporting CP,Boavista FC,1:2,,88',1:2,Right-footed shot,Carlos Martins
False,Taca de Portugal Placard,Fourth Round,11/24/02,H,Sporting CP,CD Estarreja,4:1,,67',3:0,Left-footed shot,Cesar Prates
False,Taca de Portugal Placard,Fifth Round,12/18/02,H,Sporting CP,FC Oliveira do Hospital,8:1,,13',3:0,,
03/04,Premier League,11,11/1/03,H,Manchester United,Portsmouth FC,3:0,RW,80',2:0,Direct free kick,
03/04,FA Cup,Fifth Round,2/14/04,H,Manchester United,Manchester City,4:2,RW,74',3:0,Right-footed shot,
03/04,Premier League,29,3/20/04,H,Manchester United,Tottenham Hotspur,3:0,,89',2:0,Right-footed shot,
03/04,Premier League,32,4/10/04,A,Manchester United,Birmingham City,1:2,,60',1:1,Header,Ryan Giggs
03/04,Premier League,38,5/15/04,A,Manchester United,Aston Villa,0:2,,4',0:1,Right-footed shot,
03/04,FA Cup,Final,5/22/04,H,Manchester United,Millwall FC,3:0,RW,44',1:0,Header,Gary Neville
04/05,Premier League,16,12/4/04,H,Manchester United,Southampton FC,3:0,,87',3:0,Right-footed shot,Gary Neville
04/05,FA Cup,Third Round,1/19/05,A,Manchester United,Exeter City,0:2,,9',0:1,,Paul Scholes
04/05,Premier League,24,1/22/05,H,Manchester United,Aston Villa,3:1,,8',1:0,Right-footed shot,Louis Saha
04/05,Premier League,25,2/1/05,A,Manchester United,Arsenal FC,2:4,RW,54',2:2,Left-footed shot,Ryan Giggs
04/05,Premier League,25,2/1/05,A,Manchester United,Arsenal FC,2:4,RW,58',2:3,Tap-in,Ryan Giggs
04/05,FA Cup,Fifth Round,2/19/05,A,Manchester United,Everton FC,0:2,,58',0:2,Tap-in,Paul Scholes
04/05,FA Cup,Sixth Round,3/12/05,A,Manchester United,Southampton FC,0:4,,45'+1,0:2,Left-footed shot,Ruud van Nistelrooy
04/05,Premier League,30,3/19/05,H,Manchester United,Fulham FC,1:0,,21',1:0,Right-footed shot,Roy Keane
04/05,FA Cup,Semi-Finals,4/17/05,A,Manchester United,Newcastle United,1:4,RW,76',1:4,Right-footed shot,Ruud van Nistelrooy
05/06,UEFA Champions League Qualifying,3rd round,8/9/05,H,Manchester United,Debreceni VSC,3:0,,63',3:0,Right-footed shot,Paul Scholes
05/06,Premier League,11,10/29/05,A,Manchester United,Middlesbrough FC,4:1,,90',4:1,Header,Paul Scholes
05/06,EFL Cup,Round of 16,11/30/05,H,Manchester United,West Bromwich Albion,3:1,RW,12',1:1,Penalty,
05/06,Premier League,20,12/31/05,H,Manchester United,Bolton Wanderers,4:1,,68',3:1,Right-footed shot,Wayne Rooney
05/06,Premier League,20,12/31/05,H,Manchester United,Bolton Wanderers,4:1,,90',4:1,Left-footed shot,Ruud van Nistelrooy
05/06,Premier League,25,2/4/06,H,Manchester United,Fulham FC,4:2,,14',2:0,Direct free kick,
05/06,Premier League,25,2/4/06,H,Manchester United,Fulham FC,4:2,,87',4:2,Right-footed shot,
05/06,Premier League,26,2/11/06,A,Manchester United,Portsmouth FC,1:3,RW,38',0:2,Left-footed shot,
05/06,Premier League,26,2/11/06,A,Manchester United,Portsmouth FC,1:3,RW,45',0:3,Right-footed shot,Wayne Rooney
05/06,EFL Cup,Final,2/26/06,H,Manchester United,Wigan Athletic,4:0,RW,59',3:0,,Louis Saha
05/06,Premier League,28,3/6/06,A,Manchester United,Wigan Athletic,1:2,,74',1:1,Right-footed shot,Ruud van Nistelrooy
05/06,Premier League,38,5/7/06,H,Manchester United,Charlton Athletic,4:0,RW,23',2:0,Left-footed shot,Ryan Giggs
06/07,Premier League,1,8/20/06,H,Manchester United,Fulham FC,5:1,,19',4:0,,Wayne Rooney
06/07,Premier League,6,9/23/06,A,Manchester United,Reading FC,1:1,CF,73',1:1,,John O'Shea
06/07,Premier League,10,10/28/06,A,Manchester United,Bolton Wanderers,0:4,,82',0:3,,Louis Saha
06/07,Premier League,11,11/4/06,H,Manchester United,Portsmouth FC,3:0,RW,10',2:0,Direct free kick,
06/07,Premier League,15,11/29/06,H,Manchester United,Everton FC,3:0,,39',1:0,,
06/07,Premier League,17,12/9/06,H,Manchester United,Manchester City,3:1,,84',3:1,,
06/07,Premier League,19,12/23/06,A,Manchester United,Aston Villa,0:3,,58',0:1,,
06/07,Premier League,19,12/23/06,A,Manchester United,Aston Villa,0:3,,85',0:3,,Gary Neville
06/07,Premier League,20,12/26/06,H,Manchester United,Wigan Athletic,3:1,,47',1:0,,Paul Scholes
06/07,Premier League,20,12/26/06,H,Manchester United,Wigan Athletic,3:1,,50',2:0,Penalty rebound,Ji-sung Park
06/07,Premier League,21,12/30/06,H,Manchester United,Reading FC,3:2,RW,58',2:1,,Ole Gunnar Solskjaer
06/07,Premier League,21,12/30/06,H,Manchester United,Reading FC,3:2,RW,77',3:1,,Ryan Giggs
06/07,Premier League,23,1/13/07,H,Manchester United,Aston Villa,3:1,,34',3:0,Header,Michael Carrick
06/07,Premier League,25,1/31/07,H,Manchester United,Watford FC,4:0,RW,12',1:0,Penalty,
06/07,Premier League,26,2/3/07,A,Manchester United,Tottenham Hotspur,0:4,RW,45',0:1,Penalty,
06/07,Premier League,28,2/24/07,A,Manchester United,Fulham FC,1:2,,88',1:2,Solo run,
06/07,FA Cup,Sixth Round,3/10/07,A,Manchester United,Middlesbrough FC,2:2,RW,68',2:2,Penalty,
06/07,FA Cup,6th round,3/19/07,H,Manchester United,Middlesbrough FC,1:0,,76',1:0,Penalty,
06/07,UEFA Champions League,Quarter-Finals,4/10/07,H,Manchester United,AS Roma,7:1,RW,44',4:0,Right-footed shot,Ryan Giggs
06/07,UEFA Champions League,Quarter-Finals,4/10/07,H,Manchester United,AS Roma,7:1,RW,49',5:0,Right-footed shot,Ryan Giggs
06/07,FA Cup,Semi-Finals,4/14/07,A,Manchester United,Watford FC,1:4,,28',1:2,Right-footed shot,Wayne Rooney
06/07,UEFA Champions League,Semi-Finals,4/24/07,H,Manchester United,AC Milan,3:2,RW,5',1:0,Header,Ryan Giggs
06/07,Premier League,37,5/5/07,A,Manchester United,Manchester City,0:1,RW,34',0:1,Penalty,
07/08,UEFA Champions League,Group Stage,9/19/07,A,Manchester United,Sporting CP,0:1,RW,62',0:1,Header,Wes Brown
07/08,Premier League,8,9/29/07,A,Manchester United,Birmingham City,0:1,RW,51',0:1,,
07/08,Premier League,9,10/6/07,H,Manchester United,Wigan Athletic,4:0,RW,59',2:0,Header,Ryan Giggs
07/08,Premier League,9,10/6/07,H,Manchester United,Wigan Athletic,4:0,RW,76',3:0,Right-footed shot,Wayne Rooney
07/08,UEFA Champions League,Group Stage,10/23/07,A,Manchester United,Dynamo Kyiv,2:4,RW,41',1:3,Penalty,
07/08,UEFA Champions League,Group Stage,10/23/07,A,Manchester United,Dynamo Kyiv,2:4,RW,68',1:4,Header,Ryan Giggs
07/08,Premier League,12,11/3/07,A,Manchester United,Arsenal FC,2:2,RW,82',1:2,,Patrice Evra
07/08,UEFA Champions League,Group Stage,11/7/07,H,Manchester United,Dynamo Kyiv,4:0,RW,88',4:0,Right-footed shot,Patrice Evra
07/08,Premier League,13,11/11/07,H,Manchester United,Blackburn Rovers,2:0,RW,34',1:0,Header,Ryan Giggs
07/08,Premier League,13,11/11/07,H,Manchester United,Blackburn Rovers,2:0,RW,35',2:0,Right-footed shot,Carlos Tevez
07/08,UEFA Champions League,Group Stage,11/27/07,H,Manchester United,Sporting CP,2:1,RW,90'+3,2:1,Direct free kick,
07/08,Premier League,15,12/3/07,H,Manchester United,Fulham FC,2:0,,10',1:0,Right-footed shot,Nemanja Vidicâ€Ž
07/08,Premier League,15,12/3/07,H,Manchester United,Fulham FC,2:0,,58',2:0,Header,John O'Shea
07/08,Premier League,16,12/8/07,H,Manchester United,Derby County,4:1,,90',4:1,Penalty,
07/08,Premier League,18,12/23/07,H,Manchester United,Everton FC,2:1,RW,22',1:0,Left-footed shot,Carlos Tevez
07/08,Premier League,18,12/23/07,H,Manchester United,Everton FC,2:1,RW,87',2:1,Penalty,
07/08,Premier League,19,12/26/07,A,Manchester United,Sunderland AFC,0:4,,45',0:3,Direct free kick,
07/08,Premier League,20,12/29/07,A,Manchester United,West Ham United,2:1,RW,14',0:1,Header,Ryan Giggs
07/08,FA Cup,Third Round,1/5/08,A,Manchester United,Aston Villa,0:2,,81',0:1,Left-footed shot,Ryan Giggs
07/08,Premier League,22,1/12/08,H,Manchester United,Newcastle United,6:0,RW,48',1:0,Direct free kick,
07/08,Premier League,22,1/12/08,H,Manchester United,Newcastle United,6:0,RW,70',3:0,Right-footed shot,Carlos Tevez
07/08,Premier League,22,1/12/08,H,Manchester United,Newcastle United,6:0,RW,88',5:0,Left-footed shot,
07/08,Premier League,23,1/19/08,A,Manchester United,Reading FC,0:2,RW,90'+2,0:2,Right-footed shot,
07/08,FA Cup,Fourth Round,1/27/08,H,Manchester United,Tottenham Hotspur,3:1,RW,69',2:1,Penalty,
07/08,FA Cup,Fourth Round,1/27/08,H,Manchester United,Tottenham Hotspur,3:1,RW,88',3:1,Right-footed shot,Ryan Giggs
07/08,Premier League,24,1/30/08,H,Manchester United,Portsmouth FC,2:0,RW,10',1:0,Right-footed shot,Nani
07/08,Premier League,24,1/30/08,H,Manchester United,Portsmouth FC,2:0,RW,12',2:0,Direct free kick,
07/08,Premier League,27,2/23/08,A,Manchester United,Newcastle United,1:5,RW,45',0:2,Right-footed shot,Michael Carrick
07/08,Premier League,27,2/23/08,A,Manchester United,Newcastle United,1:5,RW,56',0:3,Right-footed shot,
07/08,UEFA Champions League,last 16,3/4/08,H,Manchester United,Olympique Lyon,1:0,RW,41',1:0,Left-footed shot,
07/08,Premier League,29,3/15/08,A,Manchester United,Derby County,0:1,,76',0:1,Right-footed shot,Wayne Rooney
07/08,Premier League,30,3/19/08,H,Manchester United,Bolton Wanderers,2:0,,8',1:0,Right-footed shot,
07/08,Premier League,30,3/19/08,H,Manchester United,Bolton Wanderers,2:0,,19',2:0,Direct free kick,
07/08,Premier League,31,3/23/08,H,Manchester United,Liverpool FC,3:0,RW,79',2:0,Header,Nani
07/08,Premier League,32,3/29/08,H,Manchester United,Aston Villa,4:0,RW,16',1:0,Right-footed shot,
07/08,UEFA Champions League,Quarter-Finals,4/1/08,A,Manchester United,AS Roma,0:2,RW,39',0:1,Header,Paul Scholes
07/08,Premier League,33,4/6/08,A,Manchester United,Middlesbrough FC,2:2,RW,9',0:1,Left-footed shot,Michael Carrick
07/08,Premier League,34,4/13/08,H,Manchester United,Arsenal FC,2:1,RW,53',1:1,Penalty,
07/08,Premier League,37,5/3/08,H,Manchester United,West Ham United,4:1,RW,3',1:0,Right-footed shot,Edwin van der Sar
07/08,Premier League,37,5/3/08,H,Manchester United,West Ham United,4:1,RW,24',2:0,Right-footed shot,Owen Hargreaves
07/08,Premier League,38,5/11/08,A,Manchester United,Wigan Athletic,0:2,RW,32',0:1,Penalty,
07/08,UEFA Champions League,Final,5/21/08,H,Manchester United,Chelsea FC,6:5 on pens,LW,26',1:0,Header,Wes Brown
08/09,EFL Cup,Third Round,9/23/08,H,Manchester United,Middlesbrough FC,3:1,,25',1:0,Header,Ryan Giggs
08/09,Premier League,6,9/27/08,H,Manchester United,Bolton Wanderers,2:0,RW,59',1:0,Penalty,
08/09,Premier League,8,10/18/08,H,Manchester United,West Bromwich Albion,4:0,RW,69',2:0,Left-footed shot,Wayne Rooney
08/09,Premier League,10,10/29/08,H,Manchester United,West Ham United,2:0,RW,14',1:0,Left-footed shot,Nani
08/09,Premier League,10,10/29/08,H,Manchester United,West Ham United,2:0,RW,30',2:0,Right-footed shot,Dimitar Berbatov
08/09,Premier League,11,11/1/08,H,Manchester United,Hull City,4:3,RW,3',1:0,Left-footed shot,Dimitar Berbatov
08/09,Premier League,11,11/1/08,H,Manchester United,Hull City,4:3,RW,43',3:1,Header,Nani
08/09,Premier League,13,11/15/08,H,Manchester United,Stoke City,5:0,RW,3',1:0,Direct free kick,
08/09,Premier League,13,11/15/08,H,Manchester United,Stoke City,5:0,RW,88',5:0,Direct free kick,
08/09,FIFA Club World Cup,Semi-Finals,12/18/08,A,Manchester United,Gamba Osaka,3:5,LW,45'+1,0:2,Header,Ryan Giggs
08/09,EFL Cup,Semi-Finals,1/20/09,H,Manchester United,Derby County,4:2,,89',4:1,Penalty,
08/09,Premier League,23,1/27/09,A,Manchester United,West Bromwich Albion,0:5,LW,65',0:4,Right-footed shot,Ryan Giggs
08/09,Premier League,23,1/27/09,A,Manchester United,West Bromwich Albion,0:5,LW,73',0:5,Right-footed shot,Dimitar Berbatov
08/09,Premier League,24,1/31/09,H,Manchester United,Everton FC,1:0,LW,43',1:0,Penalty,
08/09,FA Cup,Fifth Round,2/15/09,A,Manchester United,Derby County,1:4,CF,68',1:3,Header,Ryan Giggs
08/09,Premier League,26,2/21/09,H,Manchester United,Blackburn Rovers,2:1,,60',2:1,Direct free kick,
08/09,UEFA Champions League,last 16,3/11/09,H,Manchester United,FC Internazionale,2:0,RW,49',2:0,Header,Wayne Rooney
08/09,Premier League,29,3/14/09,H,Manchester United,Liverpool FC,1:4,RW,22',1:0,Penalty,
08/09,Premier League,31,4/5/09,H,Manchester United,Aston Villa,3:2,RW,11',1:0,Direct free kick,
08/09,Premier League,31,4/5/09,H,Manchester United,Aston Villa,3:2,RW,80',2:2,Left-footed shot,Michael Carrick
08/09,UEFA Champions League,Quarter-Finals,4/15/09,A,Manchester United,FC Porto,0:1,RW,6',0:1,Long distance kick,Anderson
08/09,Premier League,34,4/25/09,H,Manchester United,Tottenham Hotspur,5:2,RW,57',1:2,Penalty,
08/09,Premier League,34,4/25/09,H,Manchester United,Tottenham Hotspur,5:2,RW,68',3:2,Header,Wayne Rooney
08/09,UEFA Champions League,Semi-Finals,5/5/09,A,Manchester United,Arsenal FC,1:3,CF,11',0:2,Direct free kick,
08/09,UEFA Champions League,Semi-Finals,5/5/09,A,Manchester United,Arsenal FC,1:3,CF,61',0:3,Right-footed shot,Wayne Rooney
08/09,Premier League,36,5/10/09,H,Manchester United,Manchester City,2:0,RW,17',1:0,Direct free kick,
09/10,LaLiga,1,8/29/09,H,Real Madrid,Deportivo de La CoruÃ±a,3:2,RW,35',2:1,Penalty,
09/10,LaLiga,2,9/12/09,A,Real Madrid,RCD Espanyol Barcelona,0:3,,90',0:3,Right-footed shot,Guti
09/10,UEFA Champions League,Group Stage,9/15/09,A,Real Madrid,FC ZÃ¼rich,2:5,CF,27',0:1,Direct free kick,
09/10,UEFA Champions League,Group Stage,9/15/09,A,Real Madrid,FC ZÃ¼rich,2:5,CF,89',2:4,Direct free kick,
09/10,LaLiga,3,9/20/09,H,Real Madrid,Xerez CD,5:0,RW,1',1:0,Right-footed shot,
09/10,LaLiga,3,9/20/09,H,Real Madrid,Xerez CD,5:0,RW,75',2:0,Header,Esteban Granero
09/10,LaLiga,4,9/23/09,A,Real Madrid,Villarreal CF,0:2,CF,2',0:1,Right-footed shot,
09/10,UEFA Champions League,Group Stage,9/30/09,H,Real Madrid,Olympique Marseille,3:0,CF,58',1:0,Left-footed shot,Pepe
09/10,UEFA Champions League,Group Stage,9/30/09,H,Real Madrid,Olympique Marseille,3:0,CF,64',3:0,Right-footed shot,Karim Benzema
09/10,LaLiga,13,12/5/09,H,Real Madrid,UD Almeria,4:2,CF,84',4:2,Right-footed shot,Gonzalo Higuain
09/10,UEFA Champions League,Group Stage,12/8/09,A,Real Madrid,Olympique Marseille,1:3,CF,5',0:1,Direct free kick,
09/10,UEFA Champions League,Group Stage,12/8/09,A,Real Madrid,Olympique Marseille,1:3,CF,80',1:3,Right-footed shot,Lassana Diarra
09/10,LaLiga,15,12/19/09,H,Real Madrid,Real Zaragoza,6:0,CF,50',5:0,Left-footed shot,Ezequiel Garay
09/10,LaLiga,19,1/24/10,H,Real Madrid,Malaga CF,2:0,RW,35',1:0,Right-footed shot,Kaka
09/10,LaLiga,19,1/24/10,H,Real Madrid,Malaga CF,2:0,RW,39',2:0,Right-footed shot,Guti
09/10,LaLiga,22,2/13/10,A,Real Madrid,Xerez CD,0:3,,69',0:2,Header,Kaka
09/10,LaLiga,22,2/13/10,A,Real Madrid,Xerez CD,0:3,,71',0:3,Left-footed shot,Kaka
09/10,LaLiga,23,2/21/10,H,Real Madrid,Villarreal CF,6:2,,18',1:0,Direct free kick,
09/10,LaLiga,24,2/27/10,A,Real Madrid,CD Tenerife,1:5,,78',1:4,Penalty,
09/10,LaLiga,25,3/6/10,H,Real Madrid,Sevilla FC,3:2,CF,59',1:2,Left-footed shot,
09/10,UEFA Champions League,last 16,3/10/10,H,Real Madrid,Olympique Lyon,1:1,LW,6',1:0,Left-footed shot,Guti
09/10,LaLiga,26,3/14/10,A,Real Madrid,Real Valladolid CF,1:4,CF,29',0:1,Direct free kick,
09/10,LaLiga,28,3/25/10,A,Real Madrid,Getafe CF,2:4,,13',0:1,Direct free kick,
09/10,LaLiga,28,3/25/10,A,Real Madrid,Getafe CF,2:4,,36',0:4,Right-footed shot,
09/10,LaLiga,30,4/4/10,A,Real Madrid,Racing Santander,0:2,,23',0:1,Penalty,
09/10,LaLiga,32,4/15/10,A,Real Madrid,UD Almeria,1:2,,26',1:1,Left-footed shot,
09/10,LaLiga,33,4/18/10,H,Real Madrid,Valencia CF,2:0,CF,77',2:0,Right-footed shot,Marcelo
09/10,LaLiga,35,5/2/10,H,Real Madrid,CA Osasuna,3:2,,25',1:1,Right-footed shot,
09/10,LaLiga,35,5/2/10,H,Real Madrid,CA Osasuna,3:2,,89',3:2,Header,Gonzalo Higuain
09/10,LaLiga,36,5/5/10,A,Real Madrid,RCD Mallorca,1:4,,26',1:1,Right-footed shot,Sergio Ramos
09/10,LaLiga,36,5/5/10,A,Real Madrid,RCD Mallorca,1:4,,56',1:2,Right-footed shot,Sergio Ramos
09/10,LaLiga,36,5/5/10,A,Real Madrid,RCD Mallorca,1:4,,71',1:3,Right-footed shot,
09/10,LaLiga,37,5/8/10,H,Real Madrid,Athletic Bilbao,5:1,CF,21',1:0,Penalty,
10/11,LaLiga,4,9/21/10,H,Real Madrid,RCD Espanyol Barcelona,3:0,LW,28',1:0,Penalty,
10/11,LaLiga,6,10/3/10,H,Real Madrid,Deportivo de La CoruÃ±a,6:1,LW,4',1:0,Header,Mesut Ozil
10/11,LaLiga,6,10/3/10,H,Real Madrid,Deportivo de La CoruÃ±a,6:1,LW,89',6:1,Left-footed shot,Xabi Alonso
10/11,LaLiga,7,10/16/10,A,Real Madrid,Malaga CF,1:4,LW,45',0:2,Right-footed shot,Mesut Ozil
10/11,LaLiga,7,10/16/10,A,Real Madrid,Malaga CF,1:4,LW,50',0:3,Penalty,
10/11,UEFA Champions League,Group Stage,10/19/10,H,Real Madrid,AC Milan,2:0,LW,13',1:0,Direct free kick,
10/11,LaLiga,8,10/23/10,H,Real Madrid,Racing Santander,6:1,LW,15',2:0,Right-footed shot,Gonzalo Higuain
10/11,LaLiga,8,10/23/10,H,Real Madrid,Racing Santander,6:1,LW,26',3:0,Left-footed shot,Mesut Ozil
10/11,LaLiga,8,10/23/10,H,Real Madrid,Racing Santander,6:1,LW,47',4:0,Right-footed shot,Angel Di Maria
10/11,LaLiga,8,10/23/10,H,Real Madrid,Racing Santander,6:1,LW,55',5:0,Penalty,
10/11,LaLiga,9,10/30/10,A,Real Madrid,Hercules CF,1:3,LW,82',1:2,Right-footed shot,Karim Benzema
10/11,LaLiga,9,10/30/10,A,Real Madrid,Hercules CF,1:3,LW,86',1:3,Right-footed shot,Karim Benzema
10/11,Copa del Rey,4th round,11/10/10,H,Real Madrid,Real Murcia CF,5:1,,76',3:0,Left-footed shot,Angel Di Maria
10/11,LaLiga,12,11/20/10,H,Real Madrid,Athletic Bilbao,5:1,LW,30',2:0,Left-footed shot,Mesut Ozil
10/11,LaLiga,12,11/20/10,H,Real Madrid,Athletic Bilbao,5:1,LW,62',4:1,Direct free kick,
10/11,LaLiga,12,11/20/10,H,Real Madrid,Athletic Bilbao,5:1,LW,90'+1,5:1,Penalty,
10/11,UEFA Champions League,Group Stage,11/23/10,A,Real Madrid,Ajax Amsterdam,0:4,LW,70',0:3,Left-footed shot,Angel Di Maria
10/11,UEFA Champions League,Group Stage,11/23/10,A,Real Madrid,Ajax Amsterdam,0:4,LW,81',0:4,Penalty,
10/11,LaLiga,14,12/4/10,H,Real Madrid,Valencia CF,2:0,LW,72',1:0,Left-footed shot,Mesut Ozil
10/11,LaLiga,14,12/4/10,H,Real Madrid,Valencia CF,2:0,LW,86',2:0,Right-footed shot,
10/11,UEFA Champions League,Group Stage,12/8/10,H,Real Madrid,AJ Auxerre,4:0,LW,49',2:0,Right-footed shot,Marcelo
10/11,LaLiga,15,12/12/10,A,Real Madrid,Real Zaragoza,1:3,LW,43',0:2,Direct free kick,
10/11,Copa del Rey,last 16,12/22/10,H,Real Madrid,Levante UD,8:0,LW,44',4:0,Right-footed shot,Karim Benzema
10/11,Copa del Rey,last 16,12/22/10,H,Real Madrid,Levante UD,8:0,LW,71',6:0,Right-footed shot,Angel Di Maria
10/11,Copa del Rey,last 16,12/22/10,H,Real Madrid,Levante UD,8:0,LW,73',7:0,Right-footed shot,Karim Benzema
10/11,LaLiga,17,1/3/11,A,Real Madrid,Getafe CF,2:3,LW,11',0:1,Penalty,
10/11,LaLiga,17,1/3/11,A,Real Madrid,Getafe CF,2:3,LW,57',1:3,Right-footed shot,Karim Benzema
10/11,LaLiga,18,1/9/11,H,Real Madrid,Villarreal CF,4:2,LW,10',1:1,Right-footed shot,Mesut Ozil
10/11,LaLiga,18,1/9/11,H,Real Madrid,Villarreal CF,4:2,LW,45',2:2,Header,Xabi Alonso
10/11,LaLiga,18,1/9/11,H,Real Madrid,Villarreal CF,4:2,LW,79',3:2,Left-footed shot,Kaka
10/11,Copa del Rey,Quarter-Finals,1/13/11,H,Real Madrid,Atletico de Madrid,3:1,LW,60',2:1,Right-footed shot,Mesut Ozil
10/11,Copa del Rey,Quarter-Finals,1/20/11,A,Real Madrid,Atletico de Madrid,0:1,CF,22',0:1,Right-footed shot,Sergio Ramos
10/11,LaLiga,22,2/6/11,H,Real Madrid,Real Sociedad,4:1,LW,20',2:0,Left-footed shot,Kaka
10/11,LaLiga,22,2/6/11,H,Real Madrid,Real Sociedad,4:1,LW,42',3:0,Header,Mesut Ozil
10/11,LaLiga,26,3/3/11,H,Real Madrid,Malaga CF,7:0,LW,50',4:0,Left-footed shot,Mesut Ozil
10/11,LaLiga,26,3/3/11,H,Real Madrid,Malaga CF,7:0,LW,67',6:0,Penalty,
10/11,LaLiga,26,3/3/11,H,Real Madrid,Malaga CF,7:0,LW,76',7:0,Right-footed shot,Sergio Canales
10/11,UEFA Champions League,Quarter-Finals,4/5/11,H,Real Madrid,Tottenham Hotspur,4:0,LW,87',4:0,Right-footed shot,Kaka
10/11,LaLiga,31,4/9/11,A,Real Madrid,Athletic Bilbao,0:3,CF,70',0:3,Right-footed shot,Esteban Granero
10/11,UEFA Champions League,Quarter-Finals,4/13/11,A,Real Madrid,Tottenham Hotspur,0:1,RW,50',0:1,Right-footed shot,Sami Khedira
10/11,LaLiga,32,4/16/11,H,Real Madrid,FC Barcelona,1:1,LW,82',1:1,Penalty,
10/11,Copa del Rey,Final,4/20/11,A,Real Madrid,FC Barcelona,0:1 AET,CF,103',0:1,Header,Angel Di Maria
10/11,LaLiga,35,5/7/11,A,Real Madrid,Sevilla FC,2:6,LW,30',0:2,Right-footed shot,Pepe
10/11,LaLiga,35,5/7/11,A,Real Madrid,Sevilla FC,2:6,LW,64',1:4,Right-footed shot,
10/11,LaLiga,35,5/7/11,A,Real Madrid,Sevilla FC,2:6,LW,70',1:5,Right-footed shot,Mesut Ozil
10/11,LaLiga,35,5/7/11,A,Real Madrid,Sevilla FC,2:6,LW,76',1:6,Right-footed shot,Karim Benzema
10/11,LaLiga,36,5/10/11,H,Real Madrid,Getafe CF,4:0,LW,23',1:0,Header,Mesut Ozil
10/11,LaLiga,36,5/10/11,H,Real Madrid,Getafe CF,4:0,LW,57',2:0,Left-footed shot,Mesut Ozil
10/11,LaLiga,36,5/10/11,H,Real Madrid,Getafe CF,4:0,LW,90'+1,4:0,Penalty,
10/11,LaLiga,37,5/15/11,A,Real Madrid,Villarreal CF,1:3,CF,22',0:2,Direct free kick,
10/11,LaLiga,37,5/15/11,A,Real Madrid,Villarreal CF,1:3,CF,90',1:3,Direct free kick,
10/11,LaLiga,38,5/21/11,H,Real Madrid,UD Almeria,8:1,LW,4',1:0,Right-footed shot,Sergio Ramos
10/11,LaLiga,38,5/21/11,H,Real Madrid,UD Almeria,8:1,LW,76',7:1,Right-footed shot,Sergio Ramos
11/12,Supercopa,final,8/17/11,A,Real Madrid,FC Barcelona,3:2,LW,20',1:1,Right-footed shot,Karim Benzema
11/12,LaLiga,2,8/28/11,A,Real Madrid,Real Zaragoza,0:6,LW,23',0:1,Left-footed shot,Mesut Ozil
11/12,LaLiga,2,8/28/11,A,Real Madrid,Real Zaragoza,0:6,LW,70',0:4,Right-footed shot,Angel Di Maria
11/12,LaLiga,2,8/28/11,A,Real Madrid,Real Zaragoza,0:6,LW,86',0:6,Right-footed shot,Kaka
11/12,LaLiga,3,9/10/11,H,Real Madrid,Getafe CF,4:2,LW,59',2:1,Penalty,
11/12,LaLiga,6,9/24/11,H,Real Madrid,Rayo Vallecano,6:2,LW,39',1:1,Left-footed shot,Kaka
11/12,LaLiga,6,9/24/11,H,Real Madrid,Rayo Vallecano,6:2,LW,51',3:1,Penalty,
11/12,LaLiga,6,9/24/11,H,Real Madrid,Rayo Vallecano,6:2,LW,84',6:2,Penalty,
11/12,UEFA Champions League,Group Stage,9/27/11,H,Real Madrid,Ajax Amsterdam,3:0,LW,25',1:0,Right-footed shot,Karim Benzema
11/12,LaLiga,9,10/22/11,A,Real Madrid,Malaga CF,0:4,LW,24',0:2,Left-footed shot,Angel Di Maria
11/12,LaLiga,9,10/22/11,A,Real Madrid,Malaga CF,0:4,LW,28',0:3,Right-footed shot,Xabi Alonso
11/12,LaLiga,9,10/22/11,A,Real Madrid,Malaga CF,0:4,LW,38',0:4,Right-footed shot,Sergio Ramos
11/12,UEFA Champions League,Group Stage,11/2/11,A,Real Madrid,Olympique Lyon,0:2,LW,25',0:1,Direct free kick,
11/12,UEFA Champions League,Group Stage,11/2/11,A,Real Madrid,Olympique Lyon,0:2,LW,69',0:2,Penalty,
11/12,LaLiga,12,11/6/11,H,Real Madrid,CA Osasuna,7:1,LW,23',1:0,Header,Angel Di Maria
11/12,LaLiga,12,11/6/11,H,Real Madrid,CA Osasuna,7:1,LW,55',4:1,Penalty,
11/12,LaLiga,12,11/6/11,H,Real Madrid,CA Osasuna,7:1,LW,58',5:1,Header,alvaro Arbeloa
11/12,LaLiga,13,11/19/11,A,Real Madrid,Valencia CF,2:3,LW,79',1:3,Right-footed shot,Pepe
11/12,LaLiga,14,11/26/11,H,Real Madrid,Atletico de Madrid,4:1,LW,24',1:1,Penalty,
11/12,LaLiga,14,11/26/11,H,Real Madrid,Atletico de Madrid,4:1,LW,82',4:1,Penalty,
11/12,LaLiga,15,12/3/11,A,Real Madrid,Sporting GijÃ³n,0:3,LW,65',0:2,Right-footed shot,Angel Di Maria
11/12,Copa del Rey,4th round,12/13/11,A,Real Madrid,SD Ponferradina,0:2,LW,74',0:2,Left-footed shot,Gonzalo Higuain
11/12,LaLiga,17,12/17/11,A,Real Madrid,Sevilla FC,2:6,LW,10',0:1,Right-footed shot,Angel Di Maria
11/12,LaLiga,17,12/17/11,A,Real Madrid,Sevilla FC,2:6,LW,41',0:3,Right-footed shot,Karim Benzema
11/12,LaLiga,17,12/17/11,A,Real Madrid,Sevilla FC,2:6,LW,86',1:5,Penalty,
11/12,LaLiga,18,1/7/12,H,Real Madrid,Granada CF,5:1,LW,89',5:1,Right-footed shot,
11/12,Copa del Rey,Quarter-Finals,1/18/12,H,Real Madrid,FC Barcelona,1:2,LW,11',1:0,Left-footed shot,Karim Benzema
11/12,LaLiga,1,1/22/12,H,Real Madrid,Athletic Bilbao,4:1,LW,46',2:1,Penalty,
11/12,LaLiga,1,1/22/12,H,Real Madrid,Athletic Bilbao,4:1,LW,67',3:1,Penalty,
11/12,Copa del Rey,Quarter-Finals,1/25/12,A,Real Madrid,FC Barcelona,2:2,LW,68',2:1,Right-footed shot,Mesut Ozil
11/12,LaLiga,21,1/28/12,H,Real Madrid,Real Zaragoza,3:1,LW,48',2:1,Right-footed shot,Mesut Ozil
11/12,LaLiga,23,2/12/12,H,Real Madrid,Levante UD,4:2,LW,45',1:1,Penalty,
11/12,LaLiga,23,2/12/12,H,Real Madrid,Levante UD,4:2,LW,50',2:1,Header,Gonzalo Higuain
11/12,LaLiga,23,2/12/12,H,Real Madrid,Levante UD,4:2,LW,57',3:1,Right-footed shot,Fabio CoentrÃ£o
11/12,LaLiga,24,2/18/12,H,Real Madrid,Racing Santander,4:0,LW,6',1:0,Header,Kaka
11/12,UEFA Champions League,last 16,2/21/12,A,Real Madrid,CSKA Moscow,1:1,LW,28',0:1,Left-footed shot,Fabio CoentrÃ£o
11/12,LaLiga,25,2/26/12,A,Real Madrid,Rayo Vallecano,0:1,LW,53',0:1,Right-footed shot,
11/12,LaLiga,26,3/4/12,H,Real Madrid,RCD Espanyol Barcelona,5:0,LW,23',1:0,Left-footed shot,Gonzalo Higuain
11/12,LaLiga,27,3/10/12,A,Real Madrid,Real Betis Balompie,2:3,LW,52',1:2,Left-footed shot,Marcelo
11/12,LaLiga,27,3/10/12,A,Real Madrid,Real Betis Balompie,2:3,LW,73',2:3,Left-footed shot,
11/12,UEFA Champions League,last 16,3/14/12,H,Real Madrid,CSKA Moscow,4:1,LW,55',2:0,Right-footed shot,Sergio Ramos
11/12,UEFA Champions League,last 16,3/14/12,H,Real Madrid,CSKA Moscow,4:1,LW,90'+4,4:1,Right-footed shot,Karim Benzema
11/12,LaLiga,29,3/21/12,A,Real Madrid,Villarreal CF,1:1,LW,61',0:1,Right-footed shot,Mesut Ozil
11/12,LaLiga,30,3/24/12,H,Real Madrid,Real Sociedad,5:1,LW,32',2:0,Right-footed shot,Kaka
11/12,LaLiga,30,3/24/12,H,Real Madrid,Real Sociedad,5:1,LW,55',5:1,Right-footed shot,Gonzalo Higuain
11/12,LaLiga,31,3/31/12,A,Real Madrid,CA Osasuna,1:5,LW,37',0:2,Long distance kick,Xabi Alonso
11/12,LaLiga,31,3/31/12,A,Real Madrid,CA Osasuna,1:5,LW,70',1:4,Direct free kick,
11/12,UEFA Champions League,Quarter-Finals,4/4/12,H,Real Madrid,APOEL Nicosia,5:2,LW,26',1:0,Right-footed shot,Marcelo
11/12,UEFA Champions League,Quarter-Finals,4/4/12,H,Real Madrid,APOEL Nicosia,5:2,LW,75',3:1,Direct free kick,
11/12,LaLiga,33,4/11/12,A,Real Madrid,Atletico de Madrid,1:4,LW,24',0:1,Direct free kick,
11/12,LaLiga,33,4/11/12,A,Real Madrid,Atletico de Madrid,1:4,LW,67',1:2,Long distance kick,
11/12,LaLiga,33,4/11/12,A,Real Madrid,Atletico de Madrid,1:4,LW,82',1:3,Penalty,
11/12,LaLiga,34,4/14/12,H,Real Madrid,Sporting GijÃ³n,3:1,LW,74',2:1,Header,Angel Di Maria
11/12,LaLiga,35,4/21/12,A,Real Madrid,FC Barcelona,1:2,LW,73',1:2,Right-footed shot,Mesut Ozil
11/12,UEFA Champions League,Semi-Finals,4/25/12,H,Real Madrid,Bayern Munich,3:4 on pens,LW,6',1:0,Penalty,
11/12,UEFA Champions League,Semi-Finals,4/25/12,H,Real Madrid,Bayern Munich,3:4 on pens,LW,14',2:0,Right-footed shot,Mesut Ozil
11/12,LaLiga,36,4/29/12,H,Real Madrid,Sevilla FC,3:0,LW,19',1:0,Right-footed shot,Karim Benzema
11/12,LaLiga,20,5/2/12,A,Real Madrid,Athletic Bilbao,0:3,LW,49',0:3,Header,Xabi Alonso
11/12,LaLiga,37,5/5/12,A,Real Madrid,Granada CF,1:2,LW,81',1:1,Penalty,
11/12,LaLiga,38,5/13/12,H,Real Madrid,RCD Mallorca,4:1,LW,18',1:0,Header,Marcelo
12/13,Supercopa,final,8/23/12,A,Real Madrid,FC Barcelona,3:2,LW,55',0:1,Header,Mesut Ozil
12/13,Supercopa,final,8/29/12,H,Real Madrid,FC Barcelona,2:1,LW,19',2:0,Right-footed shot,Sami Khedira
12/13,LaLiga,3,9/2/12,H,Real Madrid,Granada CF,3:0,LW,25',1:0,Right-footed shot,Jose CallejÃ³n
12/13,LaLiga,3,9/2/12,H,Real Madrid,Granada CF,3:0,LW,53',2:0,Left-footed shot,
12/13,UEFA Champions League,Group Stage,9/18/12,H,Real Madrid,Manchester City,3:2,LW,90',3:2,Right-footed shot,Marcelo
12/13,LaLiga,5,9/24/12,A,Real Madrid,Rayo Vallecano,0:2,LW,69',0:2,Penalty,
12/13,LaLiga,6,9/30/12,H,Real Madrid,Deportivo de La CoruÃ±a,5:1,LW,23',1:1,Penalty,
12/13,LaLiga,6,9/30/12,H,Real Madrid,Deportivo de La CoruÃ±a,5:1,LW,44',3:1,Header,Sergio Ramos
12/13,LaLiga,6,9/30/12,H,Real Madrid,Deportivo de La CoruÃ±a,5:1,LW,84',5:1,Penalty,
12/13,UEFA Champions League,Group Stage,10/3/12,A,Real Madrid,Ajax Amsterdam,1:4,LW,42',0:1,Right-footed shot,Karim Benzema
12/13,UEFA Champions League,Group Stage,10/3/12,A,Real Madrid,Ajax Amsterdam,1:4,LW,79',1:3,Right-footed shot,Karim Benzema
12/13,UEFA Champions League,Group Stage,10/3/12,A,Real Madrid,Ajax Amsterdam,1:4,LW,81',1:4,Left-footed shot,Sami Khedira
12/13,LaLiga,7,10/7/12,A,Real Madrid,FC Barcelona,2:2,LW,22',0:1,Left-footed shot,Karim Benzema
12/13,LaLiga,7,10/7/12,A,Real Madrid,FC Barcelona,2:2,LW,66',2:2,Right-footed shot,Mesut Ozil
12/13,LaLiga,8,10/20/12,H,Real Madrid,Celta de Vigo,2:0,LW,67',2:0,Penalty,
12/13,UEFA Champions League,Group Stage,10/24/12,A,Real Madrid,Borussia Dortmund,2:1,LW,38',1:1,Right-footed shot,Mesut Ozil
12/13,LaLiga,9,10/28/12,A,Real Madrid,RCD Mallorca,0:5,LW,22',0:2,Right-footed shot,Gonzalo Higuain
12/13,LaLiga,9,10/28/12,A,Real Madrid,RCD Mallorca,0:5,LW,73',0:4,Right-footed shot,Gonzalo Higuain
12/13,LaLiga,11,11/11/12,A,Real Madrid,Levante UD,1:2,CF,20',0:1,Right-footed shot,
12/13,LaLiga,14,12/1/12,H,Real Madrid,Atletico de Madrid,2:0,LW,16',1:0,Direct free kick,
12/13,UEFA Champions League,Group Stage,12/4/12,H,Real Madrid,Ajax Amsterdam,4:1,LW,13',1:0,Right-footed shot,Karim Benzema
12/13,Copa del Rey,last 16,12/12/12,A,Real Madrid,Celta de Vigo,2:1,LW,87',2:1,Left-footed shot,Xabi Alonso
12/13,LaLiga,16,12/16/12,H,Real Madrid,RCD Espanyol Barcelona,2:2,CF,45',1:1,Right-footed shot,Sami Khedira
12/13,LaLiga,18,1/6/13,H,Real Madrid,Real Sociedad,4:3,LW ,67',3:2,Left-footed shot,Karim Benzema
12/13,LaLiga,18,1/6/13,H,Real Madrid,Real Sociedad,4:3,LW ,70',4:2,Direct free kick,
12/13,Copa del Rey,last 16,1/9/13,H,Real Madrid,Celta de Vigo,4:0,LW,2',1:0,Right-footed shot,alvaro Arbeloa
12/13,Copa del Rey,last 16,1/9/13,H,Real Madrid,Celta de Vigo,4:0,LW,24',2:0,Left-footed shot,Luka Modric
12/13,Copa del Rey,last 16,1/9/13,H,Real Madrid,Celta de Vigo,4:0,LW,87',3:0,Left-footed shot,Gonzalo Higuain
12/13,LaLiga,20,1/20/13,A,Real Madrid,Valencia CF,0:5,LW,35',0:3,Left-footed shot,Fabio CoentrÃ£o
12/13,LaLiga,20,1/20/13,A,Real Madrid,Valencia CF,0:5,LW,41',0:4,Right-footed shot,Mesut Ozil
12/13,LaLiga,21,1/27/13,H,Real Madrid,Getafe CF,4:0,LW,62',2:0,Left-footed shot,Mesut Ozil
12/13,LaLiga,21,1/27/13,H,Real Madrid,Getafe CF,4:0,LW,65',3:0,Header,Angel Di Maria
12/13,LaLiga,21,1/27/13,H,Real Madrid,Getafe CF,4:0,LW,72',4:0,Penalty,
12/13,LaLiga,23,2/9/13,H,Real Madrid,Sevilla FC,4:1,LW,26',2:0,Left-footed shot,Kaka
12/13,LaLiga,23,2/9/13,H,Real Madrid,Sevilla FC,4:1,LW,46',3:0,Left-footed shot,alvaro Arbeloa
12/13,LaLiga,23,2/9/13,H,Real Madrid,Sevilla FC,4:1,LW,59',4:0,Right-footed shot,Gonzalo Higuain
12/13,UEFA Champions League,last 16,2/13/13,H,Real Madrid,Manchester United,1:1,LW,30',1:1,Header,Angel Di Maria
12/13,Copa del Rey,Semi-Finals,2/26/13,A,Real Madrid,FC Barcelona,1:3,LW,12',0:1,Penalty,
12/13,Copa del Rey,Semi-Finals,2/26/13,A,Real Madrid,FC Barcelona,1:3,LW,57',0:2,Left-footed shot,
12/13,UEFA Champions League,last 16,3/5/13,A,Real Madrid,Manchester United,1:2,LW,69',1:2,Right-footed shot,Gonzalo Higuain
12/13,LaLiga,27,3/10/13,A,Real Madrid,Celta de Vigo,1:2,LW,61',0:1,Left-footed shot,Jose CallejÃ³n
12/13,LaLiga,27,3/10/13,A,Real Madrid,Celta de Vigo,1:2,LW,71',1:2,Penalty,
12/13,LaLiga,28,3/16/13,H,Real Madrid,RCD Mallorca,5:2,LW,52',2:2,Header,Mesut Ozil
12/13,LaLiga,29,3/30/13,A,Real Madrid,Real Zaragoza,1:1,LW,38',1:1,Long distance kick,
12/13,UEFA Champions League,Quarter-Finals,4/3/13,H,Real Madrid,Galatasaray,LW,9',1:0,Left-footed shot,Mesut Ozil,
12/13,LaLiga,30,4/6/13,H,Real Madrid,Levante UD,5:1,CF,84',3:1,Right-footed shot,Gonzalo Higuain
12/13,UEFA Champions League,Quarter-Finals,4/9/13,A,Real Madrid,Galatasaray,LW,8',0:1,Right-footed shot,Sami Khedira,
12/13,UEFA Champions League,Quarter-Finals,4/9/13,A,Real Madrid,Galatasaray,LW,90'+2,3:2,Right-footed shot,Karim Benzema,
12/13,LaLiga,31,4/14/13,A,Real Madrid,Athletic Bilbao,0:3,LW,2',0:1,Direct free kick,
12/13,LaLiga,31,4/14/13,A,Real Madrid,Athletic Bilbao,0:3,LW,68',0:2,Header,Xabi Alonso
12/13,UEFA Champions League,Semi-Finals,4/24/13,A,Real Madrid,Borussia Dortmund,4:1,LW,43',1:1,Right-footed shot,Gonzalo Higuain
12/13,LaLiga,34,5/4/13,H,Real Madrid,Real Valladolid CF,4:3,LW,32',2:1,Header,Angel Di Maria
12/13,LaLiga,34,5/4/13,H,Real Madrid,Real Valladolid CF,4:3,LW,70',4:2,Header,Mesut Ozil
12/13,LaLiga,36,5/8/13,H,Real Madrid,Malaga CF,6:2,LW ,26',2:1,Right-footed shot,Xabi Alonso
12/13,Copa del Rey,Final,5/17/13,A,Real Madrid,Atletico de Madrid,2:1 AET,LW,14',0:1,Header,Luka Modric
13/14,LaLiga,3,9/1/13,H,Real Madrid,Athletic Bilbao,3:1,LW,45',2:0,Header,Angel Di Maria
13/14,LaLiga,4,9/14/13,A,Real Madrid,Villarreal CF,2:2,LW,64',1:2,Right-footed shot,
13/14,UEFA Champions League,Group Stage,9/17/13,A,Real Madrid,Galatasaray,LW,63',0:3,Left-footed shot,Isco,
13/14,UEFA Champions League,Group Stage,9/17/13,A,Real Madrid,Galatasaray,LW,66',0:4,Tap-in,Sergio Ramos,
13/14,UEFA Champions League,Group Stage,9/17/13,A,Real Madrid,Galatasaray,LW,90',1:6,Left-footed shot,Karim Benzema,
13/14,LaLiga,5,9/22/13,H,Real Madrid,Getafe CF,4:1,LW,34',2:1,Penalty,
13/14,LaLiga,5,9/22/13,H,Real Madrid,Getafe CF,4:1,LW,90',4:1,Right-footed shot,Sami Khedira
13/14,LaLiga,6,9/25/13,A,Real Madrid,Elche CF,1:2,LW,51',0:1,Direct free kick,
13/14,LaLiga,6,9/25/13,A,Real Madrid,Elche CF,1:2,LW,90'+6,1:2,Penalty,
13/14,UEFA Champions League,Group Stage,10/2/13,H,Real Madrid,FC Copenhagen,4:0,LW,21',1:0,Header,Marcelo
13/14,UEFA Champions League,Group Stage,10/2/13,H,Real Madrid,FC Copenhagen,4:0,LW,65',2:0,Header,Angel Di Maria
13/14,LaLiga,8,10/5/13,A,Real Madrid,Levante UD,2:3,LW,90'+4,2:3,Right-footed shot,Luka Modric
13/14,LaLiga,9,10/19/13,H,Real Madrid,Malaga CF,2:0,LW,90'+1,2:0,Penalty,
13/14,UEFA Champions League,Group Stage,10/23/13,H,Real Madrid,Juventus FC,2:1,LW,4',1:0,Right-footed shot,Angel Di Maria
13/14,UEFA Champions League,Group Stage,10/23/13,H,Real Madrid,Juventus FC,2:1,LW,29',2:1,Penalty,
13/14,LaLiga,11,10/30/13,H,Real Madrid,Sevilla FC,7:3,LW,31',3:0,Penalty,
13/14,LaLiga,11,10/30/13,H,Real Madrid,Sevilla FC,7:3,LW,60',5:2,Right-footed shot,Gareth Bale
13/14,LaLiga,11,10/30/13,H,Real Madrid,Sevilla FC,7:3,LW,71',6:3,Right-footed shot,Karim Benzema
13/14,LaLiga,12,11/2/13,A,Real Madrid,Rayo Vallecano,2:3,LW,3',0:1,Right-footed shot,Luka Modric
13/14,LaLiga,12,11/2/13,A,Real Madrid,Rayo Vallecano,2:3,LW,48',0:3,Right-footed shot,Gareth Bale
13/14,UEFA Champions League,Group Stage,11/5/13,A,Real Madrid,Juventus FC,2:2,LW,52',1:1,Right-footed shot,Karim Benzema
13/14,LaLiga,13,11/9/13,H,Real Madrid,Real Sociedad,5:1,LW,12',1:0,Right-footed shot,Karim Benzema
13/14,LaLiga,13,11/9/13,H,Real Madrid,Real Sociedad,5:1,LW,27',3:0,Penalty,
13/14,LaLiga,13,11/9/13,H,Real Madrid,Real Sociedad,5:1,LW,76',5:1,Direct free kick,
13/14,LaLiga,14,11/23/13,A,Real Madrid,UD Almeria,0:5,LW,3',0:1,Left-footed shot,Isco
13/14,UEFA Champions League,Group Stage,12/10/13,A,Real Madrid,FC Copenhagen,0:2,LW,48',0:2,Right-footed shot,Pepe
13/14,LaLiga,17,12/22/13,A,Real Madrid,Valencia CF,2:3,LW,40',1:2,Header,Angel Di Maria
13/14,LaLiga,18,1/6/14,H,Real Madrid,Celta de Vigo,3:0,LW,82',2:0,Right-footed shot,Daniel Carvajal
13/14,LaLiga,18,1/6/14,H,Real Madrid,Celta de Vigo,3:0,LW,90',3:0,Right-footed shot,Gareth Bale
13/14,Copa del Rey,last 16,1/15/14,A,Real Madrid,CA Osasuna,0:2,LW,22',0:1,Direct free kick,
13/14,LaLiga,20,1/18/14,A,Real Madrid,Real Betis Balompie,0:5,LW,10',0:1,Right-footed shot,Angel Di Maria
13/14,LaLiga,21,1/25/14,H,Real Madrid,Granada CF,2:0,LW,57',1:0,Right-footed shot,Luka Modric
13/14,Copa del Rey,Semi-Finals,2/11/14,A,Real Madrid,Atletico de Madrid,0:2,LW,6',0:1,Penalty,
13/14,Copa del Rey,Semi-Finals,2/11/14,A,Real Madrid,Atletico de Madrid,0:2,LW,15',0:2,Penalty,
13/14,UEFA Champions League,last 16,2/26/14,A,Real Madrid,FC Schalke 04,1:6,LW,52',0:3,Left-footed shot,Gareth Bale
13/14,UEFA Champions League,last 16,2/26/14,A,Real Madrid,FC Schalke 04,1:6,LW,89',0:6,Right-footed shot,Karim Benzema
13/14,LaLiga,26,3/2/14,A,Real Madrid,Atletico de Madrid,2:2,LW,82',2:2,Right-footed shot,Gareth Bale
13/14,LaLiga,27,3/9/14,H,Real Madrid,Levante UD,3:0,LW,11',1:0,Header,Angel Di Maria
13/14,LaLiga,28,3/15/14,A,Real Madrid,Malaga CF,0:1,LW,23',0:1,Right-footed shot,Gareth Bale
13/14,UEFA Champions League,last 16,3/18/14,H,Real Madrid,FC Schalke 04,3:1,LW,22',1:0,Right-footed shot,Gareth Bale
13/14,UEFA Champions League,last 16,3/18/14,H,Real Madrid,FC Schalke 04,3:1,LW,74',2:1,Right-footed shot,
13/14,LaLiga,29,3/23/14,H,Real Madrid,FC Barcelona,3:4,LW,55',3:2,Penalty,
13/14,LaLiga,30,3/26/14,A,Real Madrid,Sevilla FC,2:1,LW,14',0:1,Direct free kick,
13/14,LaLiga,31,3/29/14,H,Real Madrid,Rayo Vallecano,5:0,LW,15',1:0,Right-footed shot,Gareth Bale
13/14,UEFA Champions League,Quarter-Finals,4/2/14,H,Real Madrid,Borussia Dortmund,3:0,LW,57',3:0,Left-footed shot,Luka Modric
13/14,LaLiga,35,4/26/14,H,Real Madrid,CA Osasuna,4:0,LW,6',1:0,Long distance kick,Angel Di Maria
13/14,LaLiga,35,4/26/14,H,Real Madrid,CA Osasuna,4:0,LW,52',2:0,Long distance kick,Isco
13/14,UEFA Champions League,Semi-Finals,4/29/14,A,Real Madrid,Bayern Munich,0:4,LW,34',0:3,Counter attack goal,Gareth Bale
13/14,UEFA Champions League,Semi-Finals,4/29/14,A,Real Madrid,Bayern Munich,0:4,LW,90',0:4,Direct free kick,
13/14,LaLiga,36,5/4/14,H,Real Madrid,Valencia CF,2:2,LW,90',2:2,Right-footed shot,Angel Di Maria
13/14,UEFA Champions League,Final,5/24/14,H,Real Madrid,Atletico de Madrid,4:1 AET,LW,120',4:1,Penalty,
14/15,UEFA Super Cup,Final,8/12/14,H,Real Madrid,Sevilla FC,2:0,LW,30',1:0,Right-footed shot,Gareth Bale
14/15,UEFA Super Cup,Final,8/12/14,H,Real Madrid,Sevilla FC,2:0,LW,49',2:0,Left-footed shot,Karim Benzema
14/15,LaLiga,1,8/25/14,H,Real Madrid,CÃ³rdoba CF,2:0,LW,90',2:0,Right-footed shot,Isco
14/15,LaLiga,3,9/13/14,H,Real Madrid,Atletico de Madrid,1:2,LW,25',1:1,Penalty,
14/15,UEFA Champions League,Group Stage,9/16/14,H,Real Madrid,FC Basel 1893,5:1,LW,31',3:0,Right-footed shot,Gareth Bale
14/15,LaLiga,4,9/20/14,A,Real Madrid,Deportivo de La CoruÃ±a,2:8,RW,29',0:1,Header,alvaro Arbeloa
14/15,LaLiga,4,9/20/14,A,Real Madrid,Deportivo de La CoruÃ±a,2:8,RW,41',0:3,Left-footed shot,Karim Benzema
14/15,LaLiga,4,9/20/14,A,Real Madrid,Deportivo de La CoruÃ±a,2:8,RW,78',1:6,Left-footed shot,James Rodriguez
14/15,LaLiga,5,9/23/14,H,Real Madrid,Elche CF,5:1,CF,28',2:1,Penalty,
14/15,LaLiga,5,9/23/14,H,Real Madrid,Elche CF,5:1,CF,32',3:1,Header,Marcelo
14/15,LaLiga,5,9/23/14,H,Real Madrid,Elche CF,5:1,CF,80',4:1,Penalty,
14/15,LaLiga,5,9/23/14,H,Real Madrid,Elche CF,5:1,CF,90',5:1,Right-footed shot,Gareth Bale
14/15,LaLiga,6,9/27/14,A,Real Madrid,Villarreal CF,0:2,CF,40',0:2,Right-footed shot,Karim Benzema
14/15,UEFA Champions League,Group Stage,10/1/14,A,Real Madrid,Ludogorets Razgrad,1:2,CF,25',1:1,Penalty,
14/15,LaLiga,7,10/5/14,H,Real Madrid,Athletic Bilbao,5:0,LW,3',1:0,Header,Gareth Bale
14/15,LaLiga,7,10/5/14,H,Real Madrid,Athletic Bilbao,5:0,LW,55',3:0,Right-footed shot,Gareth Bale
14/15,LaLiga,7,10/5/14,H,Real Madrid,Athletic Bilbao,5:0,LW,89',5:0,Deflected shot on goal,Pepe
14/15,LaLiga,8,10/18/14,A,Real Madrid,Levante UD,0:5,CF,13',0:1,Penalty,
14/15,LaLiga,8,10/18/14,A,Real Madrid,Levante UD,0:5,CF,61',0:3,Right-footed shot,Isco
14/15,UEFA Champions League,Group Stage,10/22/14,A,Real Madrid,Liverpool FC,0:3,CF,23',0:1,Right-footed shot,James Rodriguez
14/15,LaLiga,9,10/25/14,H,Real Madrid,FC Barcelona,3:1,CF,35',1:1,Penalty,
14/15,LaLiga,10,11/1/14,A,Real Madrid,Granada CF,0:4,CF,2',0:1,Right-footed shot,Karim Benzema
14/15,LaLiga,11,11/8/14,H,Real Madrid,Rayo Vallecano,5:1,CF,83',5:1,Right-footed shot,Isco
14/15,LaLiga,12,11/22/14,A,Real Madrid,SD Eibar,0:4,CF,43',0:2,Right-footed shot,Daniel Carvajal
14/15,LaLiga,12,11/22/14,A,Real Madrid,SD Eibar,0:4,CF,83',0:4,Penalty,
14/15,UEFA Champions League,Group Stage,11/26/14,A,Real Madrid,FC Basel 1893,0:1,LW,35',0:1,Left-footed shot,Karim Benzema
14/15,LaLiga,14,12/6/14,H,Real Madrid,Celta de Vigo,3:0,CF,36',1:0,Penalty,
14/15,LaLiga,14,12/6/14,H,Real Madrid,Celta de Vigo,3:0,CF,65',2:0,Right-footed shot,
14/15,LaLiga,14,12/6/14,H,Real Madrid,Celta de Vigo,3:0,CF,81',3:0,Left-footed shot,Marcelo
14/15,UEFA Champions League,Group Stage,12/9/14,H,Real Madrid,Ludogorets Razgrad,4:0,CF ,20',1:0,Penalty,
14/15,LaLiga,15,12/12/14,A,Real Madrid,UD Almeria,1:4,CF,81',1:3,Right-footed shot,Karim Benzema
14/15,LaLiga,15,12/12/14,A,Real Madrid,UD Almeria,1:4,CF,89',1:4,Right-footed shot,Daniel Carvajal
14/15,LaLiga,17,1/4/15,A,Real Madrid,Valencia CF,2:1,LW,14',0:1,Penalty,
14/15,Copa del Rey,last 16,1/15/15,H,Real Madrid,Atletico de Madrid,2:2,CF,54',2:2,Header,Gareth Bale
14/15,LaLiga,19,1/18/15,A,Real Madrid,Getafe CF,0:3,LW,63',0:1,Left-footed shot,Karim Benzema
14/15,LaLiga,19,1/18/15,A,Real Madrid,Getafe CF,0:3,LW,79',0:3,Header,James Rodriguez
14/15,UEFA Champions League,last 16,2/18/15,A,Real Madrid,FC Schalke 04,0:2,LW,26',0:1,Header,Daniel Carvajal
14/15,LaLiga,24,2/22/15,A,Real Madrid,Elche CF,0:2,CF,69',0:2,Header,Isco
14/15,LaLiga,25,3/1/15,H,Real Madrid,Villarreal CF,1:1,CF,52',1:0,Penalty,
14/15,UEFA Champions League,last 16,3/10/15,H,Real Madrid,FC Schalke 04,3:4,CF,25',1:1,Header,Toni Kroos
14/15,UEFA Champions League,last 16,3/10/15,H,Real Madrid,FC Schalke 04,3:4,CF,45',2:2,Header,Fabio CoentrÃ£o
14/15,LaLiga,28,3/22/15,A,Real Madrid,FC Barcelona,2:1,LW,31',1:1,Right-footed shot,Karim Benzema
14/15,LaLiga,29,4/5/15,H,Real Madrid,Granada CF,9:1,CF,30',2:0,Right-footed shot,James Rodriguez
14/15,LaLiga,29,4/5/15,H,Real Madrid,Granada CF,9:1,CF,36',3:0,Right-footed shot,
14/15,LaLiga,29,4/5/15,H,Real Madrid,Granada CF,9:1,CF,38',4:0,Long distance kick,Gareth Bale
14/15,LaLiga,29,4/5/15,H,Real Madrid,Granada CF,9:1,CF,54',6:0,Header,Gareth Bale
14/15,LaLiga,29,4/5/15,H,Real Madrid,Granada CF,9:1,CF,90',9:1,Header,Luka Modric
14/15,LaLiga,30,4/8/15,A,Real Madrid,Rayo Vallecano,0:2,LW,68',0:1,Header,Daniel Carvajal
14/15,LaLiga,31,4/11/15,H,Real Madrid,SD Eibar,3:0,LW,21',1:0,Direct free kick,
14/15,LaLiga,32,4/18/15,H,Real Madrid,Malaga CF,3:1,CF,90'+2,3:1,Left-footed shot,Chicharito
14/15,LaLiga,35,5/2/15,A,Real Madrid,Sevilla FC,2:3,CF,36',0:1,Header,Isco
14/15,LaLiga,35,5/2/15,A,Real Madrid,Sevilla FC,2:3,CF,37',0:2,Right-footed shot,Chicharito
14/15,LaLiga,35,5/2/15,A,Real Madrid,Sevilla FC,2:3,CF,69',1:3,Header,Gareth Bale
14/15,UEFA Champions League,Semi-Finals,5/5/15,A,Real Madrid,Juventus FC,2:1,CF,27',1:1,Header,James Rodriguez
14/15,UEFA Champions League,Semi-Finals,5/13/15,H,Real Madrid,Juventus FC,1:1,LW,23',1:0,Penalty,
14/15,LaLiga,37,5/17/15,A,Real Madrid,RCD Espanyol Barcelona,1:4,LW,59',0:1,Left-footed shot,Karim Benzema
14/15,LaLiga,37,5/17/15,A,Real Madrid,RCD Espanyol Barcelona,1:4,LW,83',1:3,Right-footed shot,Chicharito
14/15,LaLiga,37,5/17/15,A,Real Madrid,RCD Espanyol Barcelona,1:4,LW,90'+1,1:4,Header,James Rodriguez
14/15,LaLiga,38,5/23/15,H,Real Madrid,Getafe CF,7:3,LW,13',1:0,Header,Marcelo
14/15,LaLiga,38,5/23/15,H,Real Madrid,Getafe CF,7:3,LW,32',2:2,Direct free kick,
14/15,LaLiga,38,5/23/15,H,Real Madrid,Getafe CF,7:3,LW,34',3:2,Penalty,
15/16,LaLiga,3,9/12/15,A,Real Madrid,RCD Espanyol Barcelona,0:6,LW,7',0:1,Right-footed shot,Luka Modric
15/16,LaLiga,3,9/12/15,A,Real Madrid,RCD Espanyol Barcelona,0:6,LW,17',0:2,Penalty,
15/16,LaLiga,3,9/12/15,A,Real Madrid,RCD Espanyol Barcelona,0:6,LW,20',0:3,Left-footed shot,Gareth Bale
15/16,LaLiga,3,9/12/15,A,Real Madrid,RCD Espanyol Barcelona,0:6,LW,62',0:5,Right-footed shot,Gareth Bale
15/16,LaLiga,3,9/12/15,A,Real Madrid,RCD Espanyol Barcelona,0:6,LW,81',0:6,Right-footed shot,Lucas Vazquez
15/16,UEFA Champions League,Group Stage,9/15/15,H,Real Madrid,Shakhtar Donetsk,4:0,LW,56',2:0,Penalty,
15/16,UEFA Champions League,Group Stage,9/15/15,H,Real Madrid,Shakhtar Donetsk,4:0,LW,64',3:0,Penalty,
15/16,UEFA Champions League,Group Stage,9/15/15,H,Real Madrid,Shakhtar Donetsk,4:0,LW,82',4:0,Header,
15/16,UEFA Champions League,Group Stage,9/30/15,A,Real Madrid,MalmÃ¶ FF,0:2,LW ,29',0:1,Right-footed shot,Isco
15/16,UEFA Champions League,Group Stage,9/30/15,A,Real Madrid,MalmÃ¶ FF,0:2,LW ,90',0:2,Left-footed shot,Lucas Vazquez
15/16,LaLiga,8,10/17/15,H,Real Madrid,Levante UD,3:0,CF,30',2:0,Right-footed shot,Toni Kroos
15/16,LaLiga,9,10/24/15,A,Real Madrid,Celta de Vigo,1:3,CF,8',0:1,Right-footed shot,Lucas Vazquez
15/16,LaLiga,10,10/31/15,H,Real Madrid,UD Las Palmas,3:1,CF,14',2:0,Header,Marcelo
15/16,UEFA Champions League,Group Stage,11/25/15,A,Real Madrid,Shakhtar Donetsk,3:4,CF,18',0:1,Header,Gareth Bale
15/16,UEFA Champions League,Group Stage,11/25/15,A,Real Madrid,Shakhtar Donetsk,3:4,CF,70',0:4,Right-footed shot,Gareth Bale
15/16,LaLiga,13,11/29/15,A,Real Madrid,SD Eibar,0:2,CF,82',0:2,Penalty,
15/16,LaLiga,14,12/5/15,H,Real Madrid,Getafe CF,4:1,LW,38',4:0,Right-footed shot,Toni Kroos
15/16,UEFA Champions League,Group Stage,12/8/15,H,Real Madrid,MalmÃ¶ FF,8:0,LW,39',3:0,Direct free kick,
15/16,UEFA Champions League,Group Stage,12/8/15,H,Real Madrid,MalmÃ¶ FF,8:0,LW,47',4:0,Tap-in,
15/16,UEFA Champions League,Group Stage,12/8/15,H,Real Madrid,MalmÃ¶ FF,8:0,LW,50',5:0,Right-footed shot,Danilo
15/16,UEFA Champions League,Group Stage,12/8/15,H,Real Madrid,MalmÃ¶ FF,8:0,LW,59',6:0,Right-footed shot,Isco
15/16,LaLiga,16,12/20/15,H,Real Madrid,Rayo Vallecano,10:2,LW,30',3:2,Penalty,
15/16,LaLiga,16,12/20/15,H,Real Madrid,Rayo Vallecano,10:2,LW,54',6:2,Header,James Rodriguez
15/16,LaLiga,17,12/30/15,H,Real Madrid,Real Sociedad,3:1,LW,42',1:0,Penalty,
15/16,LaLiga,17,12/30/15,H,Real Madrid,Real Sociedad,3:1,LW,68',2:1,Left-footed shot,Marcelo
15/16,LaLiga,20,1/17/16,H,Real Madrid,Sporting GijÃ³n,5:1,LW,9',2:0,Left-footed shot,Karim Benzema
15/16,LaLiga,20,1/17/16,H,Real Madrid,Sporting GijÃ³n,5:1,LW,18',4:0,Left-footed shot,Daniel Carvajal
15/16,LaLiga,22,1/31/16,H,Real Madrid,RCD Espanyol Barcelona,6:0,LW,12',2:0,Penalty,
15/16,LaLiga,22,1/31/16,H,Real Madrid,RCD Espanyol Barcelona,6:0,LW,45',4:0,Left-footed shot,
15/16,LaLiga,22,1/31/16,H,Real Madrid,RCD Espanyol Barcelona,6:0,LW,82',5:0,Header,Jese
15/16,LaLiga,24,2/13/16,H,Real Madrid,Athletic Bilbao,4:2,LW,3',1:0,Right-footed shot,Karim Benzema
15/16,LaLiga,24,2/13/16,H,Real Madrid,Athletic Bilbao,4:2,LW,87',4:1,Right-footed shot,Lucas Vazquez
15/16,UEFA Champions League,last 16,2/17/16,A,Real Madrid,AS Roma,0:2,LW,57',0:1,Right-footed shot,Marcelo
15/16,LaLiga,25,2/21/16,A,Real Madrid,Malaga CF,1:1,LW,33',0:1,Header,Toni Kroos
15/16,LaLiga,27,3/2/16,A,Real Madrid,Levante UD,1:3,LW,34',0:1,Penalty,
15/16,LaLiga,28,3/5/16,H,Real Madrid,Celta de Vigo,7:1,LW,50',2:0,Long distance kick,Sergio Ramos
15/16,LaLiga,28,3/5/16,H,Real Madrid,Celta de Vigo,7:1,LW,58',3:0,Direct free kick,
15/16,LaLiga,28,3/5/16,H,Real Madrid,Celta de Vigo,7:1,LW,64',4:1,Right-footed shot,Isco
15/16,LaLiga,28,3/5/16,H,Real Madrid,Celta de Vigo,7:1,LW,76',5:1,Header,Jese
15/16,UEFA Champions League,last 16,3/8/16,H,Real Madrid,AS Roma,2:0,CF,64',1:0,Right-footed shot,Lucas Vazquez
15/16,LaLiga,30,3/20/16,H,Real Madrid,Sevilla FC,4:0,LW,64',2:0,Left-footed shot,Danilo
15/16,LaLiga,31,4/2/16,A,Real Madrid,FC Barcelona,1:2,LW,85',1:2,Right-footed shot,Gareth Bale
15/16,LaLiga,32,4/9/16,H,Real Madrid,SD Eibar,4:0,CF,19',3:0,Right-footed shot,Jese
15/16,UEFA Champions League,Quarter-Finals,4/12/16,H,Real Madrid,VfL Wolfsburg,3:0,LW,16',1:0,Right-footed shot,Daniel Carvajal
15/16,UEFA Champions League,Quarter-Finals,4/12/16,H,Real Madrid,VfL Wolfsburg,3:0,LW,17',2:0,Header,Toni Kroos
15/16,UEFA Champions League,Quarter-Finals,4/12/16,H,Real Madrid,VfL Wolfsburg,3:0,LW,77',3:0,Direct free kick,
15/16,LaLiga,33,4/16/16,A,Real Madrid,Getafe CF,1:5,LW,90'+2,1:5,Left-footed shot,Jese
15/16,LaLiga,37,5/8/16,H,Real Madrid,Valencia CF,3:2,LW,26',1:0,Right-footed shot,Marcelo
15/16,LaLiga,37,5/8/16,H,Real Madrid,Valencia CF,3:2,LW,59',3:1,Left-footed shot,James Rodriguez
15/16,LaLiga,38,5/14/16,A,Real Madrid,Deportivo de La CoruÃ±a,0:2,LW,8',0:1,Left-footed shot,Karim Benzema
15/16,LaLiga,38,5/14/16,A,Real Madrid,Deportivo de La CoruÃ±a,0:2,LW,25',0:2,Header,Toni Kroos
16/17,LaLiga,3,9/10/16,H,Real Madrid,CA Osasuna,5:2,LW,6',1:0,Right-footed shot,Gareth Bale
16/17,UEFA Champions League,Group Stage,9/14/16,H,Real Madrid,Sporting CP,2:1,LW,89',1:1,Direct free kick,
16/17,UEFA Champions League,Group Stage,9/27/16,A,Real Madrid,Borussia Dortmund,2:2,LW,17',0:1,Right-footed shot,Gareth Bale
16/17,LaLiga,8,10/15/16,A,Real Madrid,Real Betis Balompie,1:6,LW,78',1:6,Right-footed shot,alvaro Morata
16/17,LaLiga,10,10/29/16,A,Real Madrid,Deportivo Alaves,1:4,LW,17',1:1,Penalty,
16/17,LaLiga,10,10/29/16,A,Real Madrid,Deportivo Alaves,1:4,LW,33',1:2,Right-footed shot,Karim Benzema
16/17,LaLiga,10,10/29/16,A,Real Madrid,Deportivo Alaves,1:4,LW,88',1:4,Right-footed shot,Marcelo
16/17,LaLiga,12,11/19/16,A,Real Madrid,Atletico de Madrid,0:3,CF,23',0:1,Direct free kick,
16/17,LaLiga,12,11/19/16,A,Real Madrid,Atletico de Madrid,0:3,CF,71',0:2,Penalty,
16/17,LaLiga,12,11/19/16,A,Real Madrid,Atletico de Madrid,0:3,CF,77',0:3,Right-footed shot,Gareth Bale
16/17,LaLiga,13,11/26/16,H,Real Madrid,Sporting GijÃ³n,2:1,LW,5',1:0,Penalty,
16/17,LaLiga,13,11/26/16,H,Real Madrid,Sporting GijÃ³n,2:1,LW,18',2:0,Header,Nacho Fernandez
16/17,FIFA Club World Cup,Semi-Finals,12/15/16,A,Real Madrid,CF America,0:2,LW,90'+3,0:2,Right-footed shot,James Rodriguez
16/17,FIFA Club World Cup,Final,12/18/16,H,Real Madrid,Kashima Antlers,4:2 AET,LW,60',2:2,Penalty,
16/17,FIFA Club World Cup,Final,12/18/16,H,Real Madrid,Kashima Antlers,4:2 AET,LW,97',3:2,Left-footed shot,Karim Benzema
16/17,FIFA Club World Cup,Final,12/18/16,H,Real Madrid,Kashima Antlers,4:2 AET,LW,104',4:2,Left-footed shot,Toni Kroos
16/17,LaLiga,17,1/7/17,H,Real Madrid,Granada CF,5:0,LW,27',3:0,Header,Marcelo
16/17,LaLiga,18,1/15/17,A,Real Madrid,Sevilla FC,2:1,CF,67',0:1,Penalty,
16/17,Copa del Rey,Quarter-Finals,1/25/17,A,Real Madrid,Celta de Vigo,2:2,CF,62',1:1,Direct free kick,
16/17,LaLiga,20,1/29/17,H,Real Madrid,Real Sociedad,3:0,LW,51',2:0,Right-footed shot,Mateo Kovacic
16/17,LaLiga,22,2/11/17,A,Real Madrid,CA Osasuna,1:3,CF,24',0:1,Right-footed shot,Karim Benzema
16/17,LaLiga,16,2/22/17,A,Real Madrid,Valencia CF,2:1,LW,44',2:1,Header,Marcelo
16/17,LaLiga,24,2/26/17,A,Real Madrid,Villarreal CF,2:3,LW,74',2:2,Penalty,
16/17,LaLiga,25,3/1/17,H,Real Madrid,UD Las Palmas,3:3,LW,86',2:3,Penalty,
16/17,LaLiga,25,3/1/17,H,Real Madrid,UD Las Palmas,3:3,LW,89',3:3,Header,James Rodriguez
16/17,LaLiga,27,3/12/17,H,Real Madrid,Real Betis Balompie,2:1,LW,41',1:1,Header,Marcelo
16/17,UEFA Champions League,Quarter-Finals,4/12/17,A,Real Madrid,Bayern Munich,1:2,LW,47',1:1,Right-footed shot,Daniel Carvajal
16/17,UEFA Champions League,Quarter-Finals,4/12/17,A,Real Madrid,Bayern Munich,1:2,LW,77',1:2,Right-footed shot,Marco Asensio
16/17,UEFA Champions League,Quarter-Finals,4/18/17,H,Real Madrid,Bayern Munich,4:2 AET,CF,76',1:1,Header,Casemiro
16/17,UEFA Champions League,Quarter-Finals,4/18/17,H,Real Madrid,Bayern Munich,4:2 AET,CF,105',2:2,Left-footed shot,Sergio Ramos
16/17,UEFA Champions League,Quarter-Finals,4/18/17,H,Real Madrid,Bayern Munich,4:2 AET,CF,109',3:2,Right-footed shot,Marcelo
16/17,LaLiga,35,4/29/17,H,Real Madrid,Valencia CF,2:1,LW,27',1:0,Header,Daniel Carvajal
16/17,UEFA Champions League,Semi-Finals,5/2/17,H,Real Madrid,Atletico de Madrid,3:0,CF,10',1:0,Header,Casemiro
16/17,UEFA Champions League,Semi-Finals,5/2/17,H,Real Madrid,Atletico de Madrid,3:0,CF,73',2:0,Right-footed shot,Karim Benzema
16/17,UEFA Champions League,Semi-Finals,5/2/17,H,Real Madrid,Atletico de Madrid,3:0,CF,86',3:0,Right-footed shot,Lucas Vazquez
16/17,LaLiga,37,5/14/17,H,Real Madrid,Sevilla FC,4:1,LW,23',2:0,Right-footed shot,
16/17,LaLiga,37,5/14/17,H,Real Madrid,Sevilla FC,4:1,LW,78',3:1,Left-footed shot,Toni Kroos
16/17,LaLiga,21,5/17/17,A,Real Madrid,Celta de Vigo,1:4,CF,10',0:1,Left-footed shot,
16/17,LaLiga,21,5/17/17,A,Real Madrid,Celta de Vigo,1:4,CF,48',0:2,Left-footed shot,Isco
16/17,LaLiga,38,5/21/17,A,Real Madrid,Malaga CF,0:2,CF,2',0:1,Right-footed shot,Isco
16/17,UEFA Champions League,Final,6/3/17,A,Real Madrid,Juventus FC,1:4,CF,20',0:1,Right-footed shot,Daniel Carvajal
16/17,UEFA Champions League,Final,6/3/17,A,Real Madrid,Juventus FC,1:4,CF,64',1:3,Right-footed shot,Luka Modric
17/18,Supercopa,final,8/13/17,A,Real Madrid,FC Barcelona,1:3,CF,80',1:2,Right-footed shot,Isco
17/18,UEFA Champions League,Group Stage,9/13/17,H,Real Madrid,APOEL Nicosia,3:0,CF,12',1:0,Counter attack goal,Gareth Bale
17/18,UEFA Champions League,Group Stage,9/13/17,H,Real Madrid,APOEL Nicosia,3:0,CF,51',2:0,Penalty,
17/18,UEFA Champions League,Group Stage,9/26/17,A,Real Madrid,Borussia Dortmund,1:3,CF,49',0:2,Left-footed shot,Gareth Bale
17/18,UEFA Champions League,Group Stage,9/26/17,A,Real Madrid,Borussia Dortmund,1:3,CF,79',1:3,Right-footed shot,Luka Modric
17/18,LaLiga,8,10/14/17,A,Real Madrid,Getafe CF,1:2,CF,85',1:2,Right-footed shot,Isco
17/18,UEFA Champions League,Group Stage,10/17/17,H,Real Madrid,Tottenham Hotspur,1:1,LW,43',1:1,Penalty,
17/18,UEFA Champions League,Group Stage,11/1/17,A,Real Madrid,Tottenham Hotspur,3:1,LW,80',3:1,Right-footed shot,Borja Mayoral
17/18,UEFA Champions League,Group Stage,11/21/17,A,Real Madrid,APOEL Nicosia,0:6,LW,49',0:5,Header,Marcelo
17/18,UEFA Champions League,Group Stage,11/21/17,A,Real Madrid,APOEL Nicosia,0:6,LW,54',0:6,Left-footed shot,
17/18,LaLiga,13,11/25/17,H,Real Madrid,Malaga CF,3:2,CF,76',3:2,Penalty rebound,
17/18,UEFA Champions League,Group Stage,12/6/17,H,Real Madrid,Borussia Dortmund,3:2,LW,12',2:0,Right-footed shot,Mateo Kovacic
17/18,LaLiga,15,12/9/17,H,Real Madrid,Sevilla FC,5:0,CF,23',2:0,Right-footed shot,Marco Asensio
17/18,LaLiga,15,12/9/17,H,Real Madrid,Sevilla FC,5:0,CF,31',3:0,Penalty,
17/18,FIFA Club World Cup,Semi-Finals,12/13/17,A,Real Madrid,Al-Jazira (Abu Dhabi),1:2,LW,53',1:1,Right-footed shot,Luka Modric
17/18,FIFA Club World Cup,Final,12/16/17,H,Real Madrid,GrÃªmio Foot-Ball Porto Alegrense,1:0,LW,53',1:0,Direct free kick,
17/18,LaLiga,20,1/21/18,H,Real Madrid,Deportivo de La CoruÃ±a,7:1,LW,78',5:1,Left-footed shot,Casemiro
17/18,LaLiga,20,1/21/18,H,Real Madrid,Deportivo de La CoruÃ±a,7:1,LW,84',6:1,Header,Lucas Vazquez
17/18,LaLiga,21,1/27/18,A,Real Madrid,Valencia CF,1:4,LW,16',0:1,Penalty,
17/18,LaLiga,21,1/27/18,A,Real Madrid,Valencia CF,1:4,LW,38',0:2,Penalty,
17/18,LaLiga,23,2/10/18,H,Real Madrid,Real Sociedad,5:2,CF,27',2:0,Right-footed shot,Marcelo
17/18,LaLiga,23,2/10/18,H,Real Madrid,Real Sociedad,5:2,CF,37',4:0,Header,Luka Modric
17/18,LaLiga,23,2/10/18,H,Real Madrid,Real Sociedad,5:2,CF,80',5:1,Tap-in,
17/18,UEFA Champions League,last 16,2/14/18,H,Real Madrid,Paris Saint-Germain,3:1,LW,45',1:1,Penalty,
17/18,UEFA Champions League,last 16,2/14/18,H,Real Madrid,Paris Saint-Germain,3:1,LW,83',2:1,Tap-in,
17/18,LaLiga,24,2/18/18,A,Real Madrid,Real Betis Balompie,3:5,CF,65',2:4,Right-footed shot,Casemiro
17/18,LaLiga,25,2/24/18,H,Real Madrid,Deportivo Alaves,4:0,CF ,44',1:0,Left-footed shot,Karim Benzema
17/18,LaLiga,25,2/24/18,H,Real Madrid,Deportivo Alaves,4:0,CF ,61',3:0,Right-footed shot,Lucas Vazquez
17/18,LaLiga,27,3/3/18,H,Real Madrid,Getafe CF,3:1,CF,45'+1,2:0,Left-footed shot,Karim Benzema
17/18,LaLiga,27,3/3/18,H,Real Madrid,Getafe CF,3:1,CF,78',3:1,Header,Marcelo
17/18,UEFA Champions League,last 16,3/6/18,A,Real Madrid,Paris Saint-Germain,1:2,CF,51',0:1,Header,Lucas Vazquez
17/18,LaLiga,28,3/10/18,A,Real Madrid,SD Eibar,1:2,CF,33',0:1,Right-footed shot,Luka Modric
17/18,LaLiga,28,3/10/18,A,Real Madrid,SD Eibar,1:2,CF,84',1:2,Header,Daniel Carvajal
17/18,LaLiga,29,3/18/18,H,Real Madrid,Girona FC,6:3,CF,11',1:0,Left-footed shot,Toni Kroos
17/18,LaLiga,29,3/18/18,H,Real Madrid,Girona FC,6:3,CF,47',2:1,Left-footed shot,Karim Benzema
17/18,LaLiga,29,3/18/18,H,Real Madrid,Girona FC,6:3,CF,64',4:1,Tap-in,
17/18,LaLiga,29,3/18/18,H,Real Madrid,Girona FC,6:3,CF,90'+1,6:3,Right-footed shot,Toni Kroos
17/18,UEFA Champions League,Quarter-Finals,4/3/18,A,Real Madrid,Juventus FC,0:3,CF,3',0:1,Right-footed shot,Isco
17/18,UEFA Champions League,Quarter-Finals,4/3/18,A,Real Madrid,Juventus FC,0:3,CF,64',0:2,Right-footed shot,Daniel Carvajal
17/18,LaLiga,31,4/8/18,H,Real Madrid,Atletico de Madrid,1:1,CF,53',1:0,Right-footed shot,Gareth Bale
17/18,UEFA Champions League,Quarter-Finals,4/11/18,H,Real Madrid,Juventus FC,1:3,CF,90'+7,1:3,Penalty,
17/18,LaLiga,33,4/18/18,H,Real Madrid,Athletic Bilbao,1:1,CF,87',1:1,Right-footed shot,Luka Modric
17/18,LaLiga,36,5/6/18,A,Real Madrid,FC Barcelona,2:2,LW,14',1:1,Right-footed shot,Karim Benzema
17/18,LaLiga,38,5/19/18,A,Real Madrid,Villarreal CF,2:2,CF,32',0:2,Header,Marcelo
18/19,Serie A,4,9/16/18,H,Juventus FC,US Sassuolo,2:1,CF,50',1:0,Tap-in,
18/19,Serie A,4,9/16/18,H,Juventus FC,US Sassuolo,2:1,CF,65',2:0,Left-footed shot,Emre Can
18/19,Serie A,5,9/23/18,A,Juventus FC,Frosinone Calcio,0:2,LW,81',0:1,Left-footed shot,
18/19,Serie A,8,10/6/18,A,Juventus FC,Udinese Calcio,0:2,LW,37',0:2,Left-footed shot,Mario Mandzukic
18/19,Serie A,9,10/20/18,H,Juventus FC,Genoa CFC,1:1,LW,18',1:0,Tap-in,
18/19,Serie A,10,10/27/18,A,Juventus FC,Empoli FC ,1:2,CF,54',1:1,Penalty,
18/19,Serie A,10,10/27/18,A,Juventus FC,Empoli FC ,1:2,CF,70',1:2,Right-footed shot,Blaise Matuidi
18/19,UEFA Champions League,Group Stage,11/7/18,H,Juventus FC,Manchester United,1:2,CF,65',1:0,Right-footed shot,Leonardo Bonucci
18/19,Serie A,12,11/11/18,A,Juventus FC,AC Milan,0:2,LW,81',0:2,Tap-in,
18/19,Serie A,13,11/24/18,H,Juventus FC,SPAL,2:0,CF,29',1:0,Left-footed shot,Miralem Pjanic
18/19,Serie A,14,12/1/18,A,Juventus FC,ACF Fiorentina,0:3,LW,79',0:3,Penalty,
18/19,Serie A,16,12/15/18,A,Juventus FC,Torino FC,0:1,LW,70',0:1,Penalty,
18/19,Serie A,18,12/26/18,A,Juventus FC,Atalanta BC,2:2,CF,78',2:2,Header,Giorgio Chiellini
18/19,Serie A,19,12/29/18,H,Juventus FC,UC Sampdoria,2:1,LW,2',1:0,Right-footed shot,Paulo Dybala
18/19,Serie A,19,12/29/18,H,Juventus FC,UC Sampdoria,2:1,LW,65',2:1,Penalty,
18/19,Supercoppa Italiana,Final,1/16/19,H,Juventus FC,AC Milan,1:0,LW,61',1:0,Header,Miralem Pjanic
18/19,Serie A,21,1/27/19,A,Juventus FC,SS Lazio,1:2,LW,88',1:2,Penalty,
18/19,Serie A,22,2/2/19,H,Juventus FC,Parma Calcio 1913,3:3,LW,36',1:0,Right-footed shot,Blaise Matuidi
18/19,Serie A,22,2/2/19,H,Juventus FC,Parma Calcio 1913,3:3,LW,66',3:1,Header,Mario Mandzukic
18/19,Serie A,23,2/10/19,A,Juventus FC,US Sassuolo,0:3,LW,70',0:2,Header,Miralem Pjanic
18/19,Serie A,24,2/15/19,H,Juventus FC,Frosinone Calcio,3:0,LW,63',3:0,Right-footed shot,Mario Mandzukic
18/19,UEFA Champions League,last 16,3/12/19,H,Juventus FC,Atletico de Madrid,3:0,CF,27',1:0,Header,Federico Bernardeschi
18/19,UEFA Champions League,last 16,3/12/19,H,Juventus FC,Atletico de Madrid,3:0,CF,49',2:0,Header,JoÃ£o Cancelo
18/19,UEFA Champions League,last 16,3/12/19,H,Juventus FC,Atletico de Madrid,3:0,CF,86',3:0,Penalty,
18/19,UEFA Champions League,Quarter-Finals,4/10/19,A,Juventus FC,Ajax Amsterdam,1:1,LW,45',0:1,Header,JoÃ£o Cancelo
18/19,UEFA Champions League,Quarter-Finals,4/16/19,H,Juventus FC,Ajax Amsterdam,1:2,LW,28',1:0,Header,Miralem Pjanic
18/19,Serie A,34,4/27/19,A,Juventus FC,Inter Milan,1:1,CF,62',1:1,Left-footed shot,Miralem Pjanic
18/19,Serie A,35,5/3/19,H,Juventus FC,Torino FC,1:1,CF,84',1:1,Header,Leonardo Spinazzola
19/20,Serie A,2,8/31/19,H,Juventus FC,SSC Napoli,4:3,LW,62',3:0,Left-footed shot,Douglas Costa
19/20,Serie A,4,9/21/19,H,Juventus FC,Hellas Verona,2:1,LW,49',2:1,Penalty,
19/20,Serie A,6,9/28/19,H,Juventus FC,SPAL,2:0,CF,78',2:0,Header,Paulo Dybala
19/20,UEFA Champions League,Group Stage,10/1/19,H,Juventus FC,Bayer 04 Leverkusen,3:0,CF,89',3:0,Right-footed shot,Paulo Dybala
19/20,Serie A,8,10/19/19,H,Juventus FC,Bologna FC 1909,2:1,CF,19',1:0,Right-footed shot,
19/20,Serie A,10,10/30/19,H,Juventus FC,Genoa CFC,2:1,CF,90'+6,2:1,Penalty,
19/20,Serie A,14,12/1/19,H,Juventus FC,US Sassuolo,2:2,CF,68',2:2,Penalty,
19/20,Serie A,15,12/7/19,A,Juventus FC,SS Lazio,3:1,CF,25',0:1,Tap-in,Rodrigo Bentancur
19/20,UEFA Champions League,Group Stage,12/11/19,A,Juventus FC,Bayer 04 Leverkusen,0:2,CF,75',0:1,Right-footed shot,Paulo Dybala
19/20,Serie A,16,12/15/19,H,Juventus FC,Udinese Calcio,3:1,CF,9',1:0,Right-footed shot,
19/20,Serie A,16,12/15/19,H,Juventus FC,Udinese Calcio,3:1,CF,37',2:0,Left-footed shot,Gonzalo Higuain
19/20,Serie A,17,12/18/19,A,Juventus FC,UC Sampdoria,1:2,LW,45',1:2,Header,Alex Sandro
19/20,Serie A,18,1/6/20,H,Juventus FC,Cagliari Calcio,4:0,CF,49',1:0,Right-footed shot,
19/20,Serie A,18,1/6/20,H,Juventus FC,Cagliari Calcio,4:0,CF,67',2:0,Penalty,
19/20,Serie A,18,1/6/20,H,Juventus FC,Cagliari Calcio,4:0,CF,82',4:0,Left-footed shot,Douglas Costa
19/20,Serie A,19,1/12/20,A,Juventus FC,AS Roma,1:2,CF,10',0:2,Penalty,
19/20,Serie A,20,1/19/20,H,Juventus FC,Parma Calcio 1913,2:1,CF,43',1:0,Deflected shot on goal,Blaise Matuidi
19/20,Serie A,20,1/19/20,H,Juventus FC,Parma Calcio 1913,2:1,CF,58',2:1,Right-footed shot,Paulo Dybala
19/20,Italy Cup,Quarter-Finals,1/22/20,H,Juventus FC,AS Roma,3:1,LW,26',1:0,Left-footed shot,Gonzalo Higuain
19/20,Serie A,21,1/26/20,A,Juventus FC,SSC Napoli,2:1,LW,90',2:1,Right-footed shot,Rodrigo Bentancur
19/20,Serie A,22,2/2/20,H,Juventus FC,ACF Fiorentina,3:0,LW,40',1:0,Penalty,
19/20,Serie A,22,2/2/20,H,Juventus FC,ACF Fiorentina,3:0,LW,80',2:0,Penalty,
19/20,Serie A,23,2/8/20,A,Juventus FC,Hellas Verona,2:1,LW,65',0:1,Right-footed shot,Rodrigo Bentancur
19/20,Italy Cup,Semi-Finals,2/13/20,A,Juventus FC,AC Milan,1:1,LW,90'+1,1:1,Penalty,
19/20,Serie A,25,2/22/20,A,Juventus FC,SPAL,1:2,LW,39',0:1,Tap-in,Juan Cuadrado
19/20,Serie A,27,6/22/20,A,Juventus FC,Bologna FC 1909,0:2,LW,23',0:1,Penalty,
19/20,Serie A,28,6/26/20,H,Juventus FC,US Lecce,4:0,LW,62',2:0,Penalty,
19/20,Serie A,29,6/30/20,A,Juventus FC,Genoa CFC,1:3,LW,56',0:2,Long distance kick,Miralem Pjanic
19/20,Serie A,30,7/4/20,H,Juventus FC,Torino FC,4:1,LW,61',3:1,Direct free kick,
19/20,Serie A,31,7/7/20,A,Juventus FC,AC Milan,4:2,LW,53',0:2,Left-footed shot,Juan Cuadrado
19/20,Serie A,32,7/11/20,H,Juventus FC,Atalanta BC,2:2,LW,55',1:1,Penalty,
19/20,Serie A,32,7/11/20,H,Juventus FC,Atalanta BC,2:2,LW,90',2:2,Penalty,
19/20,Serie A,34,7/20/20,H,Juventus FC,SS Lazio,2:1,LW,51',1:0,Penalty,
19/20,Serie A,34,7/20/20,H,Juventus FC,SS Lazio,2:1,LW,54',2:0,Counter attack goal,Paulo Dybala
19/20,Serie A,36,7/26/20,H,Juventus FC,UC Sampdoria,2:0,LW,45'+7,1:0,Right-footed shot,Miralem Pjanic
19/20,UEFA Champions League,last 16,8/7/20,H,Juventus FC,Olympique Lyon,2:1,LW,43',1:1,Penalty,
19/20,UEFA Champions League,last 16,8/7/20,H,Juventus FC,Olympique Lyon,2:1,LW,60',2:1,Left-footed shot,Federico Bernardeschi
20/21,Serie A,1,9/20/20,H,Juventus FC,UC Sampdoria,3:0,CF,88',3:0,Right-footed shot,Aaron Ramsey
20/21,Serie A,2,9/27/20,A,Juventus FC,AS Roma,2:2,CF,44',1:1,Penalty,
20/21,Serie A,2,9/27/20,A,Juventus FC,AS Roma,2:2,CF,69',2:2,Header,Danilo
20/21,Serie A,6,11/1/20,A,Juventus FC,Spezia Calcio,1:4,CF,59',1:2,Right-footed shot,alvaro Morata
20/21,Serie A,6,11/1/20,A,Juventus FC,Spezia Calcio,1:4,CF,76',1:4,Penalty,
20/21,Serie A,7,11/8/20,A,Juventus FC,SS Lazio,1:1,LW,15',0:1,Right-footed shot,Juan Cuadrado
20/21,Serie A,8,11/21/20,H,Juventus FC,Cagliari Calcio,2:0,CF,38',1:0,Right-footed shot,alvaro Morata
20/21,Serie A,8,11/21/20,H,Juventus FC,Cagliari Calcio,2:0,CF,42',2:0,Right-footed shot,Merih Demiral
20/21,UEFA Champions League,Group Stage,11/24/20,H,Juventus FC,Ferencvarosi TC,2:1,CF,35',1:1,Left-footed shot,Juan Cuadrado
20/21,UEFA Champions League,Group Stage,12/2/20,H,Juventus FC,Dynamo Kyiv,3:0,CF,57',2:0,Right-footed shot,alvaro Morata
20/21,UEFA Champions League,Group Stage,12/8/20,A,Juventus FC,FC Barcelona,0:3,CF,13',0:1,Penalty,
20/21,UEFA Champions League,Group Stage,12/8/20,A,Juventus FC,FC Barcelona,0:3,CF,52',0:3,Penalty,
20/21,Serie A,11,12/13/20,A,Juventus FC,Genoa CFC,1:3,CF,78',1:2,Penalty,
20/21,Serie A,11,12/13/20,A,Juventus FC,Genoa CFC,1:3,CF,89',1:3,Penalty,
20/21,Serie A,13,12/19/20,A,Juventus FC,Parma Calcio 1913,0:4,CF,26',0:2,Header,alvaro Morata
20/21,Serie A,13,12/19/20,A,Juventus FC,Parma Calcio 1913,0:4,CF,48',0:3,Left-footed shot,Aaron Ramsey
20/21,Serie A,15,1/3/21,H,Juventus FC,Udinese Calcio,4:1,CF,31',1:0,Right-footed shot,Aaron Ramsey
20/21,Serie A,15,1/3/21,H,Juventus FC,Udinese Calcio,4:1,CF,70',3:0,Left-footed shot,Rodrigo Bentancur
20/21,Serie A,17,1/10/21,H,Juventus FC,US Sassuolo,3:1,CF,90'+2,3:1,Right-footed shot,Danilo
20/21,Supercoppa Italiana,Final,1/20/21,H,Juventus FC,SSC Napoli,2:0,CF,64',1:0,Tap-in,
20/21,Italy Cup,Semi-Finals,2/2/21,A,Juventus FC,Inter Milan,1:2,CF,26',1:1,Penalty,
20/21,Italy Cup,Semi-Finals,2/2/21,A,Juventus FC,Inter Milan,1:2,CF,35',1:2,Left-footed shot,
20/21,Serie A,21,2/6/21,H,Juventus FC,AS Roma,2:0,CF,13',1:0,Left-footed shot,alvaro Morata
20/21,Serie A,23,2/22/21,H,Juventus FC,FC Crotone,3:0,CF,38',1:0,Header,Alex Sandro
20/21,Serie A,23,2/22/21,H,Juventus FC,FC Crotone,3:0,CF,45'+1,2:0,Header,Aaron Ramsey
20/21,Serie A,24,2/27/21,A,Juventus FC,Hellas Verona,1:1,CF,49',0:1,Right-footed shot,Federico Chiesa
20/21,Serie A,25,3/2/21,H,Juventus FC,Spezia Calcio,3:0,CF,89',3:0,Counter attack goal,Rodrigo Bentancur
20/21,Serie A,27,3/14/21,A,Juventus FC,Cagliari Calcio,1:3,CF,10',0:1,Header,Juan Cuadrado
20/21,Serie A,27,3/14/21,A,Juventus FC,Cagliari Calcio,1:3,CF,25',0:2,Penalty,
20/21,Serie A,27,3/14/21,A,Juventus FC,Cagliari Calcio,1:3,CF,32',0:3,Left-footed shot,Federico Chiesa
20/21,Serie A,29,4/3/21,A,Juventus FC,Torino FC,2:2,CF,79',2:2,Header,Giorgio Chiellini
20/21,Serie A,3,4/7/21,H,Juventus FC,SSC Napoli,2:1,CF,13',1:0,Right-footed shot,Federico Chiesa
20/21,Serie A,34,5/2/21,A,Juventus FC,Udinese Calcio,1:2,CF,83',1:1,Penalty,
20/21,Serie A,34,5/2/21,A,Juventus FC,Udinese Calcio,1:2,CF,89',1:2,Header,Adrien Rabiot
20/21,Serie A,36,5/12/21,A,Juventus FC,US Sassuolo,1:3,CF,45',0:2,Left-footed shot,
20/21,Serie A,37,5/15/21,H,Juventus FC,Inter Milan,3:2,CF,24',1:0,Penalty rebound,
21/22,Premier League,4,9/11/21,H,Manchester United,Newcastle United,4:1,CF,45'+2,1:0,Tap-in,
21/22,Premier League,4,9/11/21,H,Manchester United,Newcastle United,4:1,CF,62',2:1,Left-footed shot,Luke Shaw
21/22,UEFA Champions League,Group Stage,9/14/21,A,Manchester United,BSC Young Boys,2:1,CF,13',0:1,Right-footed shot,Bruno Fernandes
21/22,Premier League,5,9/19/21,A,Manchester United,West Ham United,1:2,CF,35',1:1,Right-footed shot,
21/22,UEFA Champions League,Group Stage,9/29/21,H,Manchester United,Villarreal CF,2:1,CF,90'+5,2:1,Right-footed shot,Jesse Lingard
21/22,UEFA Champions League,Group Stage,10/20/21,H,Manchester United,Atalanta BC,3:2,CF,81',3:2,Header,Luke Shaw
21/22,Premier League,10,10/30/21,A,Manchester United,Tottenham Hotspur,0:3,CF,39',0:1,Right-footed shot,Bruno Fernandes
21/22,UEFA Champions League,Group Stage,11/2/21,A,Manchester United,Atalanta BC,2:2,CF,45'+1,1:1,Right-footed shot,Bruno Fernandes
21/22,UEFA Champions League,Group Stage,11/2/21,A,Manchester United,Atalanta BC,2:2,CF,90'+1,2:2,Right-footed shot,Mason Greenwood
21/22,UEFA Champions League,Group Stage,11/23/21,A,Manchester United,Villarreal CF,0:2,CF,78',0:1,Right-footed shot,
21/22,Premier League,14,12/2/21,H,Manchester United,Arsenal FC,3:2,CF,52',2:1,Right-footed shot,Marcus Rashford
21/22,Premier League,14,12/2/21,H,Manchester United,Arsenal FC,3:2,CF,70',3:2,Penalty,
21/22,Premier League,16,12/11/21,A,Manchester United,Norwich City,0:1,CF,75',0:1,Penalty,
21/22,Premier League,20,12/30/21,H,Manchester United,Burnley FC,3:1,CF,35',3:0,Right-footed shot,
21/22,Premier League,18,2/15/22,H,Manchester United,Brighton & Hove Albion,2:0,CF,51',1:0,Right-footed shot,Scott McTominay
21/22,Premier League,29,3/12/22,H,Manchester United,Tottenham Hotspur,3:2,CF,12',1:0,Right-footed shot,Fred
21/22,Premier League,29,3/12/22,H,Manchester United,Tottenham Hotspur,3:2,CF,38',2:1,Right-footed shot,Jadon Sancho
21/22,Premier League,29,3/12/22,H,Manchester United,Tottenham Hotspur,3:2,CF,81',3:2,Header,Alex Telles
21/22,Premier League,33,4/16/22,H,Manchester United,Norwich City,3:2,CF,7',1:0,Right-footed shot,Anthony Elanga
21/22,Premier League,33,4/16/22,H,Manchester United,Norwich City,3:2,CF,32',2:0,Header,Alex Telles
21/22,Premier League,33,4/16/22,H,Manchester United,Norwich City,3:2,CF,76',3:2,Direct free kick,
21/22,Premier League,34,4/23/22,A,Manchester United,Arsenal FC,3:1,CF,34',2:1,Left-footed shot,Nemanja MatiÄ‡
21/22,Premier League,37,4/28/22,H,Manchester United,Chelsea FC,1:1,CF,62',1:1,Right-footed shot,Nemanja MatiÄ‡
21/22,Premier League,35,5/2/22,H,Manchester United,Brentford FC,3:0,CF,61',2:0,Penalty,