Season,Competition,Matchday,Venue,For,Opponent,Result,Pos.,Minute,At_score,Type_of_goal
2/3,Liga Portugal,6,H,Sporting CP,Moreirense FC,3:0,LW,34,2:0,Solo run
2/3,Liga Portugal,6,H,Sporting CP,Moreirense FC,3:0,,90+5,3:0,Header
2/3,Liga Portugal,8,A,Sporting CP,Boavista FC,1:2,,88,1:2,Right-footed shot
2/3,Taça de Portugal Placard,Fourth Round,H,Sporting CP,CD Estarreja,4:1,,67,3:0,Left-footed shot
2/3,Taça de Portugal Placard,Fifth Round,H,Sporting CP,FC Oliveira do Hospital,8:1,,13,3:0,
3/4,Premier League,11,H,Manchester United,Portsmouth FC,3:0,RW,80,2:0,Direct free kick
3/4,FA Cup,Fifth Round,H,Manchester United,Manchester City,4:2,RW,74,3:0,Right-footed shot
3/4,Premier League,29,H,Manchester United,Tottenham Hotspur,3:0,,89,2:0,Right-footed shot
3/4,Premier League,32,A,Manchester United,Birmingham City,1:2,,60,1:1,Header
3/4,Premier League,38,A,Manchester United,Aston Villa,0:2,,4,0:1,Right-footed shot
3/4,FA Cup,Final,H,Manchester United,Millwall FC,3:0,RW,44,1:0,Header
4/5,Premier League,16,H,Manchester United,Southampton FC,3:0,,87,3:0,Right-footed shot
4/5,FA Cup,Third Round,A,Manchester United,Exeter City,0:2,,9,0:1,
4/5,Premier League,24,H,Manchester United,Aston Villa,3:1,,8,1:0,Right-footed shot
4/5,Premier League,25,A,Manchester United,Arsenal FC,2:4,RW,54,2:2,Left-footed shot
4/5,Premier League,25,A,Manchester United,Arsenal FC,2:4,RW,58,2:3,Tap-in
4/5,FA Cup,Fifth Round,A,Manchester United,Everton FC,0:2,,58,0:2,Tap-in
4/5,FA Cup,Sixth Round,A,Manchester United,Southampton FC,0:4,,45+1,0:2,Left-footed shot
4/5,Premier League,30,H,Manchester United,Fulham FC,1:0,,21,1:0,Right-footed shot
4/5,FA Cup,Semi-Finals,A,Manchester United,Newcastle United,1:4,RW,76,1:4,Right-footed shot
5/6,UEFA Champions League Qualifying,3rd round,H,Manchester United,Debreceni VSC,3:0,,63,3:0,Right-footed shot
5/6,Premier League,11,A,Manchester United,Middlesbrough FC,4:1,,90,4:1,Header
5/6,EFL Cup,Round of 16,H,Manchester United,West Bromwich Albion,3:1,RW,12,1:1,Penalty
5/6,Premier League,20,H,Manchester United,Bolton Wanderers,4:1,,68,3:1,Right-footed shot
5/6,Premier League,20,H,Manchester United,Bolton Wanderers,4:1,,90,4:1,Left-footed shot
5/6,Premier League,25,H,Manchester United,Fulham FC,4:2,,14,2:0,Direct free kick
5/6,Premier League,25,H,Manchester United,Fulham FC,4:2,,87,4:2,Right-footed shot
5/6,Premier League,26,A,Manchester United,Portsmouth FC,1:3,RW,38,0:2,Left-footed shot
5/6,Premier League,26,A,Manchester United,Portsmouth FC,1:3,RW,45,0:3,Right-footed shot
5/6,EFL Cup,Final,H,Manchester United,Wigan Athletic,4:0,RW,59,3:0,
5/6,Premier League,28,A,Manchester United,Wigan Athletic,1:2,,74,1:1,Right-footed shot
5/6,Premier League,38,H,Manchester United,Charlton Athletic,4:0,RW,23,2:0,Left-footed shot
6/7,Premier League,1,H,Manchester United,Fulham FC,5:1,,19,4:0,
6/7,Premier League,6,A,Manchester United,Reading FC,1:1,CF,73,1:1,
6/7,Premier League,10,A,Manchester United,Bolton Wanderers,0:4,,82,0:3,
6/7,Premier League,11,H,Manchester United,Portsmouth FC,3:0,RW,10,2:0,Direct free kick
6/7,Premier League,15,H,Manchester United,Everton FC,3:0,,39,1:0,
6/7,Premier League,17,H,Manchester United,Manchester City,3:1,,84,3:1,
6/7,Premier League,19,A,Manchester United,Aston Villa,0:3,,58,0:1,
6/7,Premier League,19,A,Manchester United,Aston Villa,0:3,,85,0:3,
6/7,Premier League,20,H,Manchester United,Wigan Athletic,3:1,,47,1:0,
6/7,Premier League,21,H,Manchester United,Wigan Athletic,4:1,,50,2:0,Penalty rebound
6/7,Premier League,21,H,Manchester United,Reading FC,3:2,RW,58,2:1,
6/7,Premier League,21,H,Manchester United,Reading FC,3:2,RW,77,3:1,
6/7,Premier League,23,H,Manchester United,Aston Villa,3:1,,34,3:0,Header
6/7,Premier League,25,H,Manchester United,Watford FC,4:0,RW,12,1:0,Penalty
6/7,Premier League,26,A,Manchester United,Tottenham Hotspur,0:4,RW,45,0:1,Penalty
6/7,Premier League,28,A,Manchester United,Fulham FC,1:2,,88,1:2,Solo run
6/7,FA Cup,Sixth Round,A,Manchester United,Middlesbrough FC,2:2,RW,68,2:2,Penalty
6/7,FA Cup,6th round,H,Manchester United,Middlesbrough FC,1:0,,76,1:0,Penalty
6/7,UEFA Champions League,Quarter-Finals,H,Manchester United,AS Roma,7:1,RW,44,4:0,Right-footed shot
6/7,UEFA Champions League,Quarter-Finals,H,Manchester United,AS Roma,8:1,RW,49,5:0,Right-footed shot
6/7,FA Cup,Semi-Finals,A,Manchester United,Watford FC,1:4,,28,1:2,Right-footed shot
6/7,UEFA Champions League,Semi-Finals,H,Manchester United,AC Milan,3:2,RW,5,1:0,Header
6/7,Premier League,37,A,Manchester United,Manchester City,0:1,RW,34,0:1,Penalty
7/8,UEFA Champions League,Group Stage,A,Manchester United,Sporting CP,0:1,RW,62,0:1,Header
7/8,Premier League,8,A,Manchester United,Birmingham City,0:1,RW,51,0:1,
7/8,Premier League,9,H,Manchester United,Wigan Athletic,4:0,RW,59,2:0,Header
7/8,Premier League,9,H,Manchester United,Wigan Athletic,4:0,RW,76,3:0,Right-footed shot
7/8,UEFA Champions League,Group Stage,A,Manchester United,Dynamo Kyiv,2:4,RW,41,1:3,Penalty
7/8,UEFA Champions League,Group Stage,A,Manchester United,Dynamo Kyiv,2:4,RW,68,1:4,Header
7/8,Premier League,12,A,Manchester United,Arsenal FC,2:2,RW,82,1:2,
7/8,UEFA Champions League,Group Stage,H,Manchester United,Dynamo Kyiv,4:0,RW,88,4:0,Right-footed shot
7/8,Premier League,13,H,Manchester United,Blackburn Rovers,2:0,RW,34,1:0,Header
7/8,Premier League,13,H,Manchester United,Blackburn Rovers,2:0,RW,35,2:0,Right-footed shot
7/8,UEFA Champions League,Group Stage,H,Manchester United,Sporting CP,2:1,RW,90+3,2:1,Direct free kick
7/8,Premier League,15,H,Manchester United,Fulham FC,2:0,,10,1:0,Right-footed shot
7/8,Premier League,15,H,Manchester United,Fulham FC,2:0,,58,2:0,Header
7/8,Premier League,16,H,Manchester United,Derby County,4:1,,90,4:1,Penalty
7/8,Premier League,18,H,Manchester United,Everton FC,2:1,RW,22,1:0,Left-footed shot
7/8,Premier League,18,H,Manchester United,Everton FC,2:1,RW,87,2:1,Penalty
7/8,Premier League,19,A,Manchester United,Sunderland AFC,0:4,,45,0:3,Direct free kick
7/8,Premier League,20,A,Manchester United,West Ham United,2:1,RW,14,0:1,Header
7/8,FA Cup,Third Round,A,Manchester United,Aston Villa,0:2,,81,0:1,Left-footed shot
7/8,Premier League,22,H,Manchester United,Newcastle United,6:0,RW,48,1:0,Direct free kick
7/8,Premier League,22,H,Manchester United,Newcastle United,6:0,RW,70,3:0,Right-footed shot
7/8,Premier League,22,H,Manchester United,Newcastle United,6:0,RW,88,5:0,Left-footed shot
7/8,Premier League,23,A,Manchester United,Reading FC,0:2,RW,90+2,0:2,Right-footed shot
7/8,FA Cup,Fourth Round,H,Manchester United,Tottenham Hotspur,3:1,RW,69,2:1,Penalty
7/8,FA Cup,Fourth Round,H,Manchester United,Tottenham Hotspur,3:1,RW,88,3:1,Right-footed shot
7/8,Premier League,24,H,Manchester United,Portsmouth FC,2:0,RW,10,1:0,Right-footed shot
7/8,Premier League,24,H,Manchester United,Portsmouth FC,2:0,RW,12,2:0,Direct free kick
7/8,Premier League,27,A,Manchester United,Newcastle United,1:5,RW,45,0:2,Right-footed shot
7/8,Premier League,27,A,Manchester United,Newcastle United,1:5,RW,56,0:3,Right-footed shot
7/8,UEFA Champions League,last 16,H,Manchester United,Olympique Lyon,1:0,RW,41,1:0,Left-footed shot
7/8,Premier League,29,A,Manchester United,Derby County,0:1,,76,0:1,Right-footed shot
7/8,Premier League,30,H,Manchester United,Bolton Wanderers,2:0,,8,1:0,Right-footed shot
7/8,Premier League,30,H,Manchester United,Bolton Wanderers,2:0,,19,2:0,Direct free kick
7/8,Premier League,31,H,Manchester United,Liverpool FC,3:0,RW,79,2:0,Header
7/8,Premier League,32,H,Manchester United,Aston Villa,4:0,RW,16,1:0,Right-footed shot
7/8,UEFA Champions League,Quarter-Finals,A,Manchester United,AS Roma,0:2,RW,39,0:1,Header
7/8,Premier League,33,A,Manchester United,Middlesbrough FC,2:2,RW,9,0:1,Left-footed shot
7/8,Premier League,34,H,Manchester United,Arsenal FC,2:1,RW,53,1:1,Penalty
7/8,Premier League,37,H,Manchester United,West Ham United,4:1,RW,3,1:0,Right-footed shot
7/8,Premier League,37,H,Manchester United,West Ham United,4:1,RW,24,2:0,Right-footed shot
7/8,Premier League,38,A,Manchester United,Wigan Athletic,0:2,RW,32,0:1,Penalty
7/8,UEFA Champions League,Final,H,Manchester United,Chelsea FC,6:5 on pens,LW,26,1:0,Header
8/9,EFL Cup,Third Round,H,Manchester United,Middlesbrough FC,3:1,,25,1:0,Header
8/9,Premier League,6,H,Manchester United,Bolton Wanderers,2:0,RW,59,1:0,Penalty
8/9,Premier League,8,H,Manchester United,West Bromwich Albion,4:0,RW,69,2:0,Left-footed shot
8/9,Premier League,10,H,Manchester United,West Ham United,2:0,RW,14,1:0,Left-footed shot
8/9,Premier League,10,H,Manchester United,West Ham United,2:0,RW,30,2:0,Right-footed shot
8/9,Premier League,11,H,Manchester United,Hull City,4:3,RW,3,1:0,Left-footed shot
8/9,Premier League,11,H,Manchester United,Hull City,4:3,RW,43,3:1,Header
8/9,Premier League,13,H,Manchester United,Stoke City,5:0,RW,3,1:0,Direct free kick
8/9,Premier League,13,H,Manchester United,Stoke City,5:0,RW,88,5:0,Direct free kick
8/9,FIFA Club World Cup,Semi-Finals,A,Manchester United,Gamba Osaka,3:5,LW,45+1,0:2,Header
8/9,EFL Cup,Semi-Finals,H,Manchester United,Derby County,4:2,,89,4:1,Penalty
8/9,Premier League,23,A,Manchester United,West Bromwich Albion,0:5,LW,65,0:4,Right-footed shot
8/9,Premier League,23,A,Manchester United,West Bromwich Albion,0:5,LW,73,0:5,Right-footed shot
8/9,Premier League,24,H,Manchester United,Everton FC,1:0,LW,43,1:0,Penalty
8/9,FA Cup,Fifth Round,A,Manchester United,Derby County,1:4,CF,68,1:3,Header
8/9,Premier League,26,H,Manchester United,Blackburn Rovers,2:1,,60,2:1,Direct free kick
8/9,UEFA Champions League,last 16,H,Manchester United,FC Internazionale,2:0,RW,49,2:0,Header
8/9,Premier League,29,H,Manchester United,Liverpool FC,1:4,RW,22,1:0,Penalty
8/9,Premier League,31,H,Manchester United,Aston Villa,3:2,RW,11,1:0,Direct free kick
8/9,Premier League,31,H,Manchester United,Aston Villa,3:2,RW,80,2:2,Left-footed shot
8/9,UEFA Champions League,Quarter-Finals,A,Manchester United,FC Porto,0:1,RW,6,0:1,Long distance kick
8/9,Premier League,34,H,Manchester United,Tottenham Hotspur,5:2,RW,57,1:2,Penalty
8/9,Premier League,34,H,Manchester United,Tottenham Hotspur,5:2,RW,68,3:2,Header
8/9,UEFA Champions League,Semi-Finals,A,Manchester United,Arsenal FC,1:3,CF,11,0:2,Direct free kick
8/9,UEFA Champions League,Semi-Finals,A,Manchester United,Arsenal FC,1:3,CF,61,0:3,Right-footed shot
8/9,Premier League,36,H,Manchester United,Manchester City,2:0,RW,17,1:0,Direct free kick
9/10,LaLiga,1,H,Real Madrid,Deportivo de La Coruña,3:2,RW,35,2:1,Penalty
9/10,LaLiga,2,A,Real Madrid,RCD Espanyol Barcelona,0:3,,90,0:3,Right-footed shot
9/10,UEFA Champions League,Group Stage,A,Real Madrid,FC Zürich,2:5,CF,27,0:1,Direct free kick
9/10,UEFA Champions League,Group Stage,A,Real Madrid,FC Zürich,2:5,CF,89,2:4,Direct free kick
9/10,LaLiga,3,H,Real Madrid,Xerez CD,5:0,RW,1,1:0,Right-footed shot
9/10,LaLiga,3,H,Real Madrid,Xerez CD,5:0,RW,75,2:0,Header
9/10,LaLiga,4,A,Real Madrid,Villarreal CF,0:2,CF,2,0:1,Right-footed shot
9/10,UEFA Champions League,Group Stage,H,Real Madrid,Olympique Marseille,3:0,CF,58,1:0,Left-footed shot
9/10,UEFA Champions League,Group Stage,H,Real Madrid,Olympique Marseille,3:0,CF,64,3:0,Right-footed shot
9/10,LaLiga,13,H,Real Madrid,UD Almería,4:2,CF,84,4:2,Right-footed shot
9/10,UEFA Champions League,Group Stage,A,Real Madrid,Olympique Marseille,1:3,CF,5,0:1,Direct free kick
9/10,UEFA Champions League,Group Stage,A,Real Madrid,Olympique Marseille,1:3,CF,80,1:3,Right-footed shot
9/10,LaLiga,15,H,Real Madrid,Real Zaragoza,6:0,CF,50,5:0,Left-footed shot
9/10,LaLiga,19,H,Real Madrid,Malaga CF,2:0,RW,35,1:0,Right-footed shot
9/10,LaLiga,19,H,Real Madrid,Malaga CF,2:0,RW,39,2:0,Right-footed shot
9/10,LaLiga,22,A,Real Madrid,Xerez CD,0:3,,69,0:2,Header
9/10,LaLiga,22,A,Real Madrid,Xerez CD,0:3,,71,0:3,Left-footed shot
9/10,LaLiga,23,H,Real Madrid,Villarreal CF,6:2,,18,1:0,Direct free kick
9/10,LaLiga,24,A,Real Madrid,CD Tenerife,1:5,,78,1:4,Penalty
9/10,LaLiga,25,H,Real Madrid,Sevilla FC,3:2,CF,59,1:2,Left-footed shot
9/10,UEFA Champions League,last 16,H,Real Madrid,Olympique Lyon,1:1,LW,6,1:0,Left-footed shot
9/10,LaLiga,26,A,Real Madrid,Real Valladolid CF,1:4,CF,29,0:1,Direct free kick
9/10,LaLiga,28,A,Real Madrid,Getafe CF,2:4,,13,0:1,Direct free kick
9/10,LaLiga,28,A,Real Madrid,Getafe CF,2:4,,36,0:4,Right-footed shot
9/10,LaLiga,30,A,Real Madrid,Racing Santander,0:2,,23,0:1,Penalty
9/10,LaLiga,32,A,Real Madrid,UD Almería,1:2,,26,1:1,Left-footed shot
9/10,LaLiga,33,H,Real Madrid,Valencia CF,2:0,CF,77,2:0,Right-footed shot
9/10,LaLiga,35,H,Real Madrid,CA Osasuna,3:2,,25,1:1,Right-footed shot
9/10,LaLiga,35,H,Real Madrid,CA Osasuna,3:2,,89,3:2,Header
9/10,LaLiga,36,A,Real Madrid,RCD Mallorca,1:4,,26,1:1,Right-footed shot
9/10,LaLiga,36,A,Real Madrid,RCD Mallorca,1:4,,56,1:2,Right-footed shot
9/10,LaLiga,36,A,Real Madrid,RCD Mallorca,1:4,,71,1:3,Right-footed shot
9/10,LaLiga,37,H,Real Madrid,Athletic Bilbao,5:1,CF,21,1:0,Penalty
10/11,LaLiga,4,H,Real Madrid,RCD Espanyol Barcelona,3:0,LW,28,1:0,Penalty
10/11,LaLiga,6,H,Real Madrid,Deportivo de La Coruña,6:1,LW,4,1:0,Header
10/11,LaLiga,6,H,Real Madrid,Deportivo de La Coruña,6:1,LW,89,6:1,Left-footed shot
10/11,LaLiga,7,A,Real Madrid,Malaga CF,1:4,LW,45,0:2,Right-footed shot
10/11,LaLiga,7,A,Real Madrid,Malaga CF,1:4,LW,50,0:3,Penalty
10/11,UEFA Champions League,Group Stage,H,Real Madrid,AC Milan,2:0,LW,13,1:0,Direct free kick
10/11,LaLiga,8,H,Real Madrid,Racing Santander,6:1,LW,15,2:0,Right-footed shot
10/11,LaLiga,8,H,Real Madrid,Racing Santander,6:1,LW,26,3:0,Left-footed shot
10/11,LaLiga,8,H,Real Madrid,Racing Santander,6:1,LW,47,4:0,Right-footed shot
10/11,LaLiga,8,H,Real Madrid,Racing Santander,6:1,LW,55,5:0,Penalty
10/11,LaLiga,9,A,Real Madrid,Harcules CF,1:3,LW,82,1:2,Right-footed shot
10/11,LaLiga,9,A,Real Madrid,Harcules CF,1:3,LW,86,1:3,Right-footed shot
10/11,Copa del Rey,4th round,H,Real Madrid,Real Murcia CF,5:1,,76,3:0,Left-footed shot
10/11,LaLiga,12,H,Real Madrid,Athletic Bilbao,5:1,LW,30,2:0,Left-footed shot
10/11,LaLiga,12,H,Real Madrid,Athletic Bilbao,5:1,LW,62,4:1,Direct free kick
10/11,LaLiga,12,H,Real Madrid,Athletic Bilbao,5:1,LW,90+1,5:1,Penalty
10/11,UEFA Champions League,Group Stage,A,Real Madrid,Ajax Amsterdam,0:4,LW,70,0:3,Left-footed shot
10/11,UEFA Champions League,Group Stage,A,Real Madrid,Ajax Amsterdam,0:4,LW,81,0:4,Penalty
10/11,LaLiga,14,H,Real Madrid,Valencia CF,2:0,LW,72,1:0,Left-footed shot
10/11,LaLiga,14,H,Real Madrid,Valencia CF,2:0,LW,86,2:0,Right-footed shot
10/11,UEFA Champions League,Group Stage,H,Real Madrid,AJ Auxerre,4:0,LW,49,2:0,Right-footed shot
10/11,LaLiga,15,A,Real Madrid,Real Zaragoza,1:3,LW,43,0:2,Direct free kick
10/11,Copa del Rey,last 16,H,Real Madrid,Levante UD,8:0,LW,44,4:0,Right-footed shot
10/11,Copa del Rey,last 16,H,Real Madrid,Levante UD,8:0,LW,71,6:0,Right-footed shot
10/11,Copa del Rey,last 16,H,Real Madrid,Levante UD,8:0,LW,73,7:0,Right-footed shot
10/11,LaLiga,17,A,Real Madrid,Getafe CF,2:3,LW,11,0:1,Penalty
10/11,LaLiga,17,A,Real Madrid,Getafe CF,2:3,LW,57,1:3,Right-footed shot
10/11,LaLiga,18,H,Real Madrid,Villarreal CF,4:2,LW,10,1:1,Right-footed shot
10/11,LaLiga,18,H,Real Madrid,Villarreal CF,4:2,LW,45,2:2,Header
10/11,LaLiga,18,H,Real Madrid,Villarreal CF,4:2,LW,79,3:2,Left-footed shot
10/11,Copa del Rey,Quarter-Finals,H,Real Madrid,Atlatico de Madrid,3:1,LW,60,2:1,Right-footed shot
10/11,Copa del Rey,Quarter-Finals,A,Real Madrid,Atlatico de Madrid,0:1,CF,22,0:1,Right-footed shot
10/11,LaLiga,22,H,Real Madrid,Real Sociedad,4:1,LW,20,2:0,Left-footed shot
10/11,LaLiga,22,H,Real Madrid,Real Sociedad,4:1,LW,42,3:0,Header
10/11,LaLiga,26,H,Real Madrid,Malaga CF,7:0,LW,50,4:0,Left-footed shot
10/11,LaLiga,26,H,Real Madrid,Malaga CF,7:0,LW,67,6:0,Penalty
10/11,LaLiga,26,H,Real Madrid,Malaga CF,7:0,LW,76,7:0,Right-footed shot
10/11,UEFA Champions League,Quarter-Finals,H,Real Madrid,Tottenham Hotspur,4:0,LW,87,4:0,Right-footed shot
10/11,LaLiga,31,A,Real Madrid,Athletic Bilbao,0:3,CF,70,0:3,Right-footed shot
10/11,UEFA Champions League,Quarter-Finals,A,Real Madrid,Tottenham Hotspur,0:1,RW,50,0:1,Right-footed shot
10/11,LaLiga,32,H,Real Madrid,FC Barcelona,1:1,LW,82,1:1,Penalty
10/11,Copa del Rey,Final,A,Real Madrid,FC Barcelona,0:1 AET,CF,13,0:1,Header
10/11,LaLiga,35,A,Real Madrid,Sevilla FC,2:6,LW,30,0:2,Right-footed shot
10/11,LaLiga,35,A,Real Madrid,Sevilla FC,2:6,LW,64,1:4,Right-footed shot
10/11,LaLiga,35,A,Real Madrid,Sevilla FC,2:6,LW,70,1:5,Right-footed shot
10/11,LaLiga,35,A,Real Madrid,Sevilla FC,2:6,LW,76,1:6,Right-footed shot
10/11,LaLiga,36,H,Real Madrid,Getafe CF,4:0,LW,23,1:0,Header
10/11,LaLiga,36,H,Real Madrid,Getafe CF,4:0,LW,57,2:0,Left-footed shot
10/11,LaLiga,36,H,Real Madrid,Getafe CF,4:0,LW,90+1,4:0,Penalty
10/11,LaLiga,37,A,Real Madrid,Villarreal CF,1:3,CF,22,0:2,Direct free kick
10/11,LaLiga,37,A,Real Madrid,Villarreal CF,1:3,CF,90,1:3,Direct free kick
10/11,LaLiga,38,H,Real Madrid,UD Almería,8:1,LW,4,1:0,Right-footed shot
10/11,LaLiga,38,H,Real Madrid,UD Almería,8:1,LW,76,7:1,Right-footed shot
11/12,Supercopa,final,A,Real Madrid,FC Barcelona,3:2,LW,20,1:1,Right-footed shot
11/12,LaLiga,2,A,Real Madrid,Real Zaragoza,0:6,LW,23,0:1,Left-footed shot
11/12,LaLiga,2,A,Real Madrid,Real Zaragoza,0:6,LW,70,0:4,Right-footed shot
11/12,LaLiga,2,A,Real Madrid,Real Zaragoza,0:6,LW,86,0:6,Right-footed shot
11/12,LaLiga,3,H,Real Madrid,Getafe CF,4:2,LW,59,2:1,Penalty
11/12,LaLiga,6,H,Real Madrid,Rayo Vallecano,6:2,LW,39,1:1,Left-footed shot
11/12,LaLiga,6,H,Real Madrid,Rayo Vallecano,6:2,LW,51,3:1,Penalty
11/12,LaLiga,6,H,Real Madrid,Rayo Vallecano,6:2,LW,84,6:2,Penalty
11/12,UEFA Champions League,Group Stage,H,Real Madrid,Ajax Amsterdam,3:0,LW,25,1:0,Right-footed shot
11/12,LaLiga,9,A,Real Madrid,Malaga CF,0:4,LW,24,0:2,Left-footed shot
11/12,LaLiga,9,A,Real Madrid,Malaga CF,0:4,LW,28,0:3,Right-footed shot
11/12,LaLiga,9,A,Real Madrid,Malaga CF,0:4,LW,38,0:4,Right-footed shot
11/12,UEFA Champions League,Group Stage,A,Real Madrid,Olympique Lyon,0:2,LW,25,0:1,Direct free kick
11/12,69,0:2,Penalty,,,,,,,
11/12,LaLiga,12,H,Real Madrid,CA Osasuna,7:1,LW,23,1:0,Header
11/12,55,4:1,Penalty,,,,,,,
11/12,58,5:1,Header,,,,,,,
11/12,LaLiga,13,A,Real Madrid,Valencia CF,2:3,LW,79,1:3,Right-footed shot
11/12,LaLiga,14,H,Real Madrid,Atlatico de Madrid,4:1,LW,24,1:1,Penalty
11/12,82,4:1,Penalty,,,,,,,
11/12,LaLiga,15,A,Real Madrid,Sporting Gijan,0:3,LW,65,0:2,Right-footed shot
11/12,Copa del Rey,4th round,A,Real Madrid,SD Ponferradina,0:2,LW,74,0:2,Left-footed shot
11/12,LaLiga,17,A,Real Madrid,Sevilla FC,2:6,LW,10,0:1,Right-footed shot
11/12,41,0:3,Right-footed shot,,,,,,,
11/12,86,1:5,Penalty,,,,,,,
11/12,LaLiga,18,H,Real Madrid,Granada CF,5:1,LW,89,5:1,Right-footed shot
11/12,Copa del Rey,Quarter-Finals,H,Real Madrid,FC Barcelona,1:2,LW,11,1:0,Left-footed shot
11/12,LaLiga,1,H,Real Madrid,Athletic Bilbao,4:1,LW,46,2:1,Penalty
11/12,67,3:1,Penalty,,,,,,,
11/12,Copa del Rey,Quarter-Finals,A,Real Madrid,FC Barcelona,2:2,LW,68,2:1,Right-footed shot
11/12,LaLiga,21,H,Real Madrid,Real Zaragoza,3:1,LW,48,2:1,Right-footed shot
11/12,LaLiga,23,H,Real Madrid,Levante UD,4:2,LW,45,1:1,Penalty
11/12,50,2:1,Header,,,,,,,
11/12,57,3:1,Right-footed shot,,,,,,,
11/12,LaLiga,24,H,Real Madrid,Racing Santander,4:0,LW,6,1:0,Header
11/12,UEFA Champions League,last 16,A,Real Madrid,CSKA Moscow,1:1,LW,28,0:1,Left-footed shot
11/12,LaLiga,25,A,Real Madrid,Rayo Vallecano,0:1,LW,53,0:1,Right-footed shot
11/12,LaLiga,26,H,Real Madrid,RCD Espanyol Barcelona,5:0,LW,23,1:0,Left-footed shot
11/12,LaLiga,27,A,Real Madrid,Real Betis Balompia,2:3,LW,52,1:2,Left-footed shot
11/12,73,2:3,Left-footed shot,,,,,,,
11/12,UEFA Champions League,last 16,H,Real Madrid,CSKA Moscow,4:1,LW,55,2:0,Right-footed shot
11/12,90+4,4:1,Right-footed shot,,,,,,,
11/12,LaLiga,29,A,Real Madrid,Villarreal CF,1:1,LW,61,0:1,Right-footed shot
11/12,LaLiga,30,H,Real Madrid,Real Sociedad,5:1,LW,32,2:0,Right-footed shot
11/12,55,5:1,Right-footed shot,,,,,,,
11/12,LaLiga,31,A,Real Madrid,CA Osasuna,1:5,LW,37,0:2,Long distance kick
11/12,70,1:4,Direct free kick,,,,,,,
11/12,UEFA Champions League,Quarter-Finals,H,Real Madrid,APOEL Nicosia,5:2,LW,26,1:0,Right-footed shot
11/12,75,3:1,Direct free kick,,,,,,,
11/12,LaLiga,33,A,Real Madrid,Atlatico de Madrid,1:4,LW,24,0:1,Direct free kick
11/12,67,1:2,Long distance kick,,,,,,,
11/12,82,1:3,Penalty,,,,,,,
11/12,LaLiga,34,H,Real Madrid,Sporting Gijan,3:1,LW,74,2:1,Header
11/12,LaLiga,35,A,Real Madrid,FC Barcelona,1:2,LW,73,1:2,Right-footed shot
11/12,UEFA Champions League,Semi-Finals,H,Real Madrid,Bayern Munich,3:4 on pens,LW,6,1:0,Penalty
11/12,14,2:0,Right-footed shot,,,,,,,
11/12,LaLiga,36,H,Real Madrid,Sevilla FC,3:0,LW,19,1:0,Right-footed shot
11/12,LaLiga,20,A,Real Madrid,Athletic Bilbao,0:3,LW,49,0:3,Header
11/12,LaLiga,37,A,Real Madrid,Granada CF,1:2,LW,81,1:1,Penalty
11/12,LaLiga,38,H,Real Madrid,RCD Mallorca,4:1,LW,18,1:0,Header
12/13,Supercopa,final,A,Real Madrid,FC Barcelona,3:2,LW,55,0:1,Header
12/13,Supercopa,final,H,Real Madrid,FC Barcelona,2:1,LW,19,2:0,Right-footed shot
12/13,LaLiga,3,H,Real Madrid,Granada CF,3:0,LW,25,1:0,Right-footed shot
12/13,53,2:0,Left-footed shot,,,,,,,
12/13,UEFA Champions League,Group Stage,H,Real Madrid,Manchester City,3:2,LW,90,3:2,Right-footed shot
12/13,LaLiga,5,A,Real Madrid,Rayo Vallecano,0:2,LW,69,0:2,Penalty
12/13,LaLiga,6,H,Real Madrid,Deportivo de La Coruña,5:1,LW,23,1:1,Penalty
12/13,44,3:1,Header,,,,,,,
12/13,84,5:1,Penalty,,,,,,,
12/13,UEFA Champions League,Group Stage,A,Real Madrid,Ajax Amsterdam,1:4,LW,42,0:1,Right-footed shot
12/13,79,1:3,Right-footed shot,,,,,,,
12/13,81,1:4,Left-footed shot,,,,,,,
12/13,LaLiga,7,A,Real Madrid,FC Barcelona,2:2,LW,22,0:1,Left-footed shot
12/13,66,2:2,Right-footed shot,,,,,,,
12/13,LaLiga,8,H,Real Madrid,Celta de Vigo,2:0,LW,67,2:0,Penalty
12/13,UEFA Champions League,Group Stage,A,Real Madrid,Borussia Dortmund,2:1,LW,38,1:1,Right-footed shot
12/13,LaLiga,9,A,Real Madrid,RCD Mallorca,0:5,LW,22,0:2,Right-footed shot
12/13,73,0:4,Right-footed shot,,,,,,,
12/13,LaLiga,11,A,Real Madrid,Levante UD,1:2,CF,20,0:1,Right-footed shot
12/13,LaLiga,14,H,Real Madrid,Atlatico de Madrid,2:0,LW,16,1:0,Direct free kick
12/13,UEFA Champions League,Group Stage,H,Real Madrid,Ajax Amsterdam,4:1,LW,13,1:0,Right-footed shot
12/13,Copa del Rey,last 16,A,Real Madrid,Celta de Vigo,2:1,LW,87,2:1,Left-footed shot
12/13,LaLiga,16,H,Real Madrid,RCD Espanyol Barcelona,2:2,CF,45,1:1,Right-footed shot
12/13,LaLiga,18,H,Real Madrid,Real Sociedad,4:3,LW ,67,3:2,Left-footed shot
12/13,70,4:2,Direct free kick,,,,,,,
12/13,Copa del Rey,last 16,H,Real Madrid,Celta de Vigo,4:0,LW,2,1:0,Right-footed shot
12/13,24,2:0,Left-footed shot,,,,,,,
12/13,87,3:0,Left-footed shot,,,,,,,
12/13,LaLiga,20,A,Real Madrid,Valencia CF,0:5,LW,35,0:3,Left-footed shot
12/13,41,0:4,Right-footed shot,,,,,,,
12/13,LaLiga,21,H,Real Madrid,Getafe CF,4:0,LW,62,2:0,Left-footed shot
12/13,65,3:0,Header,,,,,,,
12/13,72,4:0,Penalty,,,,,,,
12/13,LaLiga,23,H,Real Madrid,Sevilla FC,4:1,LW,26,2:0,Left-footed shot
12/13,46,3:0,Left-footed shot,,,,,,,
12/13,59,4:0,Right-footed shot,,,,,,,
12/13,UEFA Champions League,last 16,H,Real Madrid,Manchester United,1:1,LW,30,1:1,Header
12/13,Copa del Rey,Semi-Finals,A,Real Madrid,FC Barcelona,1:3,LW,12,0:1,Penalty
12/13,57,0:2,Left-footed shot,,,,,,,
12/13,UEFA Champions League,last 16,A,Real Madrid,Manchester United,1:2,LW,69,1:2,Right-footed shot
12/13,LaLiga,27,A,Real Madrid,Celta de Vigo,1:2,LW,61,0:1,Left-footed shot
12/13,71,1:2,Penalty,,,,,,,
12/13,LaLiga,28,H,Real Madrid,RCD Mallorca,5:2,LW,52,2:2,Header
12/13,LaLiga,29,A,Real Madrid,Real Zaragoza,1:1,LW,38,1:1,Long distance kick
12/13,UEFA Champions League,Quarter-Finals,H,Real Madrid,Galatasaray A.S.,3:0,LW,9,1:0,Left-footed shot
12/13,LaLiga,30,H,Real Madrid,Levante UD,5:1,CF,84,3:1,Right-footed shot
12/13,UEFA Champions League,Quarter-Finals,A,Real Madrid,Galatasaray A.S.,3:2,LW,8,0:1,Right-footed shot
12/13,90+2,3:2,Right-footed shot,,,,,,,
12/13,LaLiga,31,A,Real Madrid,Athletic Bilbao,0:3,LW,2,0:1,Direct free kick
12/13,68,0:2,Header,,,,,,,
12/13,UEFA Champions League,Semi-Finals,A,Real Madrid,Borussia Dortmund,4:1,LW,43,1:1,Right-footed shot
12/13,LaLiga,34,H,Real Madrid,Real Valladolid CF,4:3,LW,32,2:1,Header
12/13,70,4:2,Header,,,,,,,
12/13,LaLiga,36,H,Real Madrid,Malaga CF,6:2,LW ,26,2:1,Right-footed shot
12/13,Copa del Rey,Final,A,Real Madrid,Atlatico de Madrid,2:1 AET,LW,14,0:1,Header
13/14,LaLiga,3,H,Real Madrid,Athletic Bilbao,3:1,LW,45,2:0,Header
13/14,LaLiga,4,A,Real Madrid,Villarreal CF,2:2,LW,64,1:2,Right-footed shot
13/14,UEFA Champions League,Group Stage,A,Real Madrid,Galatasaray A.S.,1:6,LW,63,0:3,Left-footed shot
13/14,66,0:4,Tap-in,,,,,,,
13/14,90,1:6,Left-footed shot,,,,,,,
13/14,LaLiga,5,H,Real Madrid,Getafe CF,4:1,LW,34,2:1,Penalty
13/14,90,4:1,Right-footed shot,,,,,,,
13/14,LaLiga,6,A,Real Madrid,Elche CF,1:2,LW,51,0:1,Direct free kick
13/14,90+6,1:2,Penalty,,,,,,,
13/14,UEFA Champions League,Group Stage,H,Real Madrid,FC Copenhagen,4:0,LW,21,1:0,Header
13/14,65,2:0,Header,,,,,,,
13/14,LaLiga,8,A,Real Madrid,Levante UD,2:3,LW,90+4,2:3,Right-footed shot
13/14,LaLiga,9,H,Real Madrid,Malaga CF,2:0,LW,90+1,2:0,Penalty
13/14,UEFA Champions League,Group Stage,H,Real Madrid,Juventus FC,2:1,LW,4,1:0,Right-footed shot
13/14,29,2:1,Penalty,,,,,,,
13/14,LaLiga,11,H,Real Madrid,Sevilla FC,7:3,LW,31,3:0,Penalty
13/14,60,5:2,Right-footed shot,,,,,,,
13/14,71,6:3,Right-footed shot,,,,,,,
13/14,LaLiga,12,A,Real Madrid,Rayo Vallecano,2:3,LW,3,0:1,Right-footed shot
13/14,48,0:3,Right-footed shot,,,,,,,
13/14,UEFA Champions League,Group Stage,A,Real Madrid,Juventus FC,2:2,LW,52,1:1,Right-footed shot
13/14,LaLiga,13,H,Real Madrid,Real Sociedad,5:1,LW,12,1:0,Right-footed shot
13/14,27,3:0,Penalty,,,,,,,
13/14,76,5:1,Direct free kick,,,,,,,
13/14,LaLiga,14,A,Real Madrid,UD Almería,0:5,LW,3,0:1,Left-footed shot
13/14,UEFA Champions League,Group Stage,A,Real Madrid,FC Copenhagen,0:2,LW,48,0:2,Right-footed shot
13/14,LaLiga,17,A,Real Madrid,Valencia CF,2:3,LW,40,1:2,Header
13/14,LaLiga,18,H,Real Madrid,Celta de Vigo,3:0,LW,82,2:0,Right-footed shot
13/14,90,3:0,Right-footed shot,,,,,,,
13/14,Copa del Rey,last 16,A,Real Madrid,CA Osasuna,0:2,LW,22,0:1,Direct free kick
13/14,LaLiga,20,A,Real Madrid,Real Betis Balompia,0:5,LW,10,0:1,Right-footed shot
13/14,LaLiga,21,H,Real Madrid,Granada CF,2:0,LW,57,1:0,Right-footed shot
13/14,Copa del Rey,Semi-Finals,A,Real Madrid,Atlatico de Madrid,0:2,LW,6,0:1,Penalty
13/14,15,0:2,Penalty,,,,,,,
13/14,UEFA Champions League,last 16,A,Real Madrid,FC Schalke 4,1:6,LW,52,0:3,Left-footed shot
13/14,89,0:6,Right-footed shot,,,,,,,
13/14,LaLiga,26,A,Real Madrid,Atlatico de Madrid,2:2,LW,82,2:2,Right-footed shot
13/14,LaLiga,27,H,Real Madrid,Levante UD,3:0,LW,11,1:0,Header
13/14,LaLiga,28,A,Real Madrid,Malaga CF,0:1,LW,23,0:1,Right-footed shot
13/14,UEFA Champions League,last 16,H,Real Madrid,FC Schalke 4,3:1,LW,22,1:0,Right-footed shot
13/14,74,2:1,Right-footed shot,,,,,,,
13/14,LaLiga,29,H,Real Madrid,FC Barcelona,3:4,LW,55,3:2,Penalty
13/14,LaLiga,30,A,Real Madrid,Sevilla FC,2:1,LW,14,0:1,Direct free kick
13/14,LaLiga,31,H,Real Madrid,Rayo Vallecano,5:0,LW,15,1:0,Right-footed shot
13/14,UEFA Champions League,Quarter-Finals,H,Real Madrid,Borussia Dortmund,3:0,LW,57,3:0,Left-footed shot
13/14,LaLiga,35,H,Real Madrid,CA Osasuna,4:0,LW,6,1:0,Long distance kick
13/14,52,2:0,Long distance kick,,,,,,,
13/14,UEFA Champions League,Semi-Finals,A,Real Madrid,Bayern Munich,0:4,LW,34,0:3,Counter attack goal
13/14,90,0:4,Direct free kick,,,,,,,
13/14,LaLiga,36,H,Real Madrid,Valencia CF,2:2,LW,90,2:2,Right-footed shot
13/14,UEFA Champions League,Final,H,Real Madrid,Atlatico de Madrid,4:1 AET,LW,120,4:1,Penalty
14/15,UEFA Super Cup,Final,H,Real Madrid,Sevilla FC,2:0,LW,30,1:0,Right-footed shot
14/15,49,2:0,Left-footed shot,,,,,,,
14/15,LaLiga,1,H,Real Madrid,Cardoba CF,2:0,LW,90,2:0,Right-footed shot
14/15,LaLiga,3,H,Real Madrid,Atlatico de Madrid,1:2,LW,25,1:1,Penalty
14/15,UEFA Champions League,Group Stage,H,Real Madrid,FC Basel 1893,5:1,LW,31,3:0,Right-footed shot
14/15,LaLiga,4,A,Real Madrid,Deportivo de La Coruña,2:8,RW,29,0:1,Header
14/15,41,0:3,Left-footed shot,,,,,,,
14/15,78,1:6,Left-footed shot,,,,,,,
14/15,LaLiga,5,H,Real Madrid,Elche CF,5:1,CF,28,2:1,Penalty
14/15,32,3:1,Header,,,,,,,
14/15,80,4:1,Penalty,,,,,,,
14/15,90,5:1,Right-footed shot,,,,,,,
14/15,LaLiga,6,A,Real Madrid,Villarreal CF,0:2,CF,40,0:2,Right-footed shot
14/15,UEFA Champions League,Group Stage,A,Real Madrid,Ludogorets Razgrad,1:2,CF,25,1:1,Penalty
14/15,LaLiga,7,H,Real Madrid,Athletic Bilbao,5:0,LW,3,1:0,Header
14/15,55,3:0,Right-footed shot,,,,,,,
14/15,89,5:0,Deflected shot on goal,,,,,,,
14/15,LaLiga,8,A,Real Madrid,Levante UD,0:5,CF,13,0:1,Penalty
14/15,61,0:3,Right-footed shot,,,,,,,
14/15,UEFA Champions League,Group Stage,A,Real Madrid,Liverpool FC,0:3,CF,23,0:1,Right-footed shot
14/15,LaLiga,9,H,Real Madrid,FC Barcelona,3:1,CF,35,1:1,Penalty
14/15,LaLiga,10,A,Real Madrid,Granada CF,0:4,CF,2,0:1,Right-footed shot
14/15,LaLiga,11,H,Real Madrid,Rayo Vallecano,5:1,CF,83,5:1,Right-footed shot
14/15,LaLiga,12,A,Real Madrid,SD Eibar,0:4,CF,43,0:2,Right-footed shot
14/15,83,0:4,Penalty,,,,,,,
14/15,UEFA Champions League,Group Stage,A,Real Madrid,FC Basel 1893,0:1,LW,35,0:1,Left-footed shot
14/15,LaLiga,14,H,Real Madrid,Celta de Vigo,3:0,CF,36,1:0,Penalty
14/15,65,2:0,Right-footed shot,,,,,,,
14/15,81,3:0,Left-footed shot,,,,,,,
14/15,UEFA Champions League,Group Stage,H,Real Madrid,Ludogorets Razgrad,4:0,CF ,20,1:0,Penalty
14/15,LaLiga,15,A,Real Madrid,UD Almería,1:4,CF,81,1:3,Right-footed shot
14/15,89,1:4,Right-footed shot,,,,,,,
14/15,LaLiga,17,A,Real Madrid,Valencia CF,2:1,LW,14,0:1,Penalty
14/15,Copa del Rey,last 16,H,Real Madrid,Atlatico de Madrid,2:2,CF,54,2:2,Header
14/15,LaLiga,19,A,Real Madrid,Getafe CF,0:3,LW,63,0:1,Left-footed shot
14/15,79,0:3,Header,,,,,,,
14/15,UEFA Champions League,last 16,A,Real Madrid,FC Schalke 4,0:2,LW,26,0:1,Header
14/15,LaLiga,24,A,Real Madrid,Elche CF,0:2,CF,69,0:2,Header
14/15,LaLiga,25,H,Real Madrid,Villarreal CF,1:1,CF,52,1:0,Penalty
14/15,UEFA Champions League,last 16,H,Real Madrid,FC Schalke 4,3:4,CF,25,1:1,Header
14/15,45,2:2,Header,,,,,,,
14/15,LaLiga,28,A,Real Madrid,FC Barcelona,2:1,LW,31,1:1,Right-footed shot
14/15,LaLiga,29,H,Real Madrid,Granada CF,9:1,CF,30,2:0,Right-footed shot
14/15,36,3:0,Right-footed shot,,,,,,,
14/15,38,4:0,Long distance kick,,,,,,,
14/15,54,6:0,Header,,,,,,,
14/15,90,9:1,Header,,,,,,,
14/15,LaLiga,30,A,Real Madrid,Rayo Vallecano,0:2,LW,68,0:1,Header
14/15,LaLiga,31,H,Real Madrid,SD Eibar,3:0,LW,21,1:0,Direct free kick
14/15,LaLiga,32,H,Real Madrid,Malaga CF,3:1,CF,90+2,3:1,Left-footed shot
14/15,LaLiga,35,A,Real Madrid,Sevilla FC,2:3,CF,36,0:1,Header
14/15,37,0:2,Right-footed shot,,,,,,,
14/15,69,1:3,Header,,,,,,,
14/15,UEFA Champions League,Semi-Finals,A,Real Madrid,Juventus FC,2:1,CF,27,1:1,Header
14/15,UEFA Champions League,Semi-Finals,H,Real Madrid,Juventus FC,1:1,LW,23,1:0,Penalty
14/15,LaLiga,37,A,Real Madrid,RCD Espanyol Barcelona,1:4,LW,59,0:1,Left-footed shot
14/15,83,1:3,Right-footed shot,,,,,,,
14/15,90+1,1:4,Header,,,,,,,
14/15,LaLiga,38,H,Real Madrid,Getafe CF,7:3,LW,13,1:0,Header
14/15,32,2:2,Direct free kick,,,,,,,
14/15,34,3:2,Penalty,,,,,,,
15/16,LaLiga,3,A,Real Madrid,RCD Espanyol Barcelona,0:6,LW,7,0:1,Right-footed shot
15/16,LaLiga,3,A,Real Madrid,RCD Espanyol Barcelona,0:6,LW,17,0:2,Penalty
15/16,LaLiga,3,A,Real Madrid,RCD Espanyol Barcelona,0:6,LW,20,0:3,Left-footed shot
15/16,LaLiga,3,A,Real Madrid,RCD Espanyol Barcelona,0:6,LW,62,0:5,Right-footed shot
15/16,LaLiga,3,A,Real Madrid,RCD Espanyol Barcelona,0:6,LW,81,0:6,Right-footed shot
15/16,UEFA Champions League,Group Stage,H,Real Madrid,Shakhtar Donetsk,4:0,LW,56,2:0,Penalty
15/16,64,3:0,Penalty,,,,,,,
15/16,82,4:0,Header,,,,,,,
15/16,UEFA Champions League,Group Stage,A,Real Madrid,Malmo FF,0:2,LW ,29,0:1,Right-footed shot
15/16,90,0:2,Left-footed shot,,,,,,,
15/16,LaLiga,8,H,Real Madrid,Levante UD,3:0,CF,30,2:0,Right-footed shot
15/16,LaLiga,9,A,Real Madrid,Celta de Vigo,1:3,CF,8,0:1,Right-footed shot
15/16,LaLiga,10,H,Real Madrid,UD Las Palmas,3:1,CF,14,2:0,Header
15/16,UEFA Champions League,Group Stage,A,Real Madrid,Shakhtar Donetsk,3:4,CF,18,0:1,Header
15/16,70,0:4,Right-footed shot,,,,,,,
15/16,LaLiga,13,A,Real Madrid,SD Eibar,0:2,CF,82,0:2,Penalty
15/16,LaLiga,14,H,Real Madrid,Getafe CF,4:1,LW,38,4:0,Right-footed shot
15/16,UEFA Champions League,Group Stage,H,Real Madrid,Malmo FF,8:0,LW,39,3:0,Direct free kick
15/16,47,4:0,Tap-in,,,,,,,
15/16,50,5:0,Right-footed shot,,,,,,,
15/16,59,6:0,Right-footed shot,,,,,,,
15/16,LaLiga,16,H,Real Madrid,Rayo Vallecano,10:2,LW,30,3:2,Penalty
15/16,54,6:2,Header,,,,,,,
15/16,LaLiga,17,H,Real Madrid,Real Sociedad,3:1,LW,42,1:0,Penalty
15/16,68,2:1,Left-footed shot,,,,,,,
15/16,LaLiga,20,H,Real Madrid,Sporting Gijan,5:1,LW,9,2:0,Left-footed shot
15/16,18,4:0,Left-footed shot,,,,,,,
15/16,LaLiga,22,H,Real Madrid,RCD Espanyol Barcelona,6:0,LW,12,2:0,Penalty
15/16,45,4:0,Left-footed shot,,,,,,,
15/16,82,5:0,Header,,,,,,,
15/16,LaLiga,24,H,Real Madrid,Athletic Bilbao,4:2,LW,3,1:0,Right-footed shot
15/16,87,4:1,Right-footed shot,,,,,,,
15/16,UEFA Champions League,last 16,A,Real Madrid,AS Roma,0:2,LW,57,0:1,Right-footed shot
15/16,LaLiga,25,A,Real Madrid,Malaga CF,1:1,LW,33,0:1,Header
15/16,LaLiga,27,A,Real Madrid,Levante UD,1:3,LW,34,0:1,Penalty
15/16,LaLiga,28,H,Real Madrid,Celta de Vigo,7:1,LW,50,2:0,Long distance kick
15/16,LaLiga,28,H,Real Madrid,Celta de Vigo,7:1,LW,58,3:0,Direct free kick
15/16,LaLiga,28,H,Real Madrid,Celta de Vigo,7:1,LW,64,4:1,Right-footed shot
15/16,LaLiga,28,H,Real Madrid,Celta de Vigo,7:1,LW,76,5:1,Header
15/16,UEFA Champions League,last 16,H,Real Madrid,AS Roma,2:0,CF,64,1:0,Right-footed shot
15/16,LaLiga,30,H,Real Madrid,Sevilla FC,4:0,LW,64,2:0,Left-footed shot
15/16,LaLiga,31,A,Real Madrid,FC Barcelona,1:2,LW,85,1:2,Right-footed shot
15/16,LaLiga,32,H,Real Madrid,SD Eibar,4:0,CF,19,3:0,Right-footed shot
15/16,UEFA Champions League,Quarter-Finals,H,Real Madrid,VfL Wolfsburg,3:0,LW,16,1:0,Right-footed shot
15/16,17,2:0,Header,,,,,,,
15/16,77,3:0,Direct free kick,,,,,,,
15/16,LaLiga,33,A,Real Madrid,Getafe CF,1:5,LW,90+2,1:5,Left-footed shot
15/16,LaLiga,37,H,Real Madrid,Valencia CF,3:2,LW,26,1:0,Right-footed shot
15/16,59,3:1,Left-footed shot,,,,,,,
15/16,LaLiga,38,A,Real Madrid,Deportivo de La Coruña,0:2,LW,8,0:1,Left-footed shot
15/16,25,0:2,Header,,,,,,,
16/17,LaLiga,3,H,Real Madrid,CA Osasuna,5:2,LW,6,1:0,Right-footed shot
16/17,UEFA Champions League,Group Stage,H,Real Madrid,Sporting CP,2:1,LW,89,1:1,Direct free kick
16/17,UEFA Champions League,Group Stage,A,Real Madrid,Borussia Dortmund,2:2,LW,17,0:1,Right-footed shot
16/17,LaLiga,8,A,Real Madrid,Real Betis Balompia,1:6,LW,78,1:6,Right-footed shot
16/17,LaLiga,10,A,Real Madrid,Deportivo Alavas,1:4,LW,17,1:1,Penalty
16/17,33,1:2,Right-footed shot,,,,,,,
16/17,88,1:4,Right-footed shot,,,,,,,
16/17,LaLiga,12,A,Real Madrid,Atlatico de Madrid,0:3,CF,23,0:1,Direct free kick
16/17,71,0:2,Penalty,,,,,,,
16/17,77,0:3,Right-footed shot,,,,,,,
16/17,LaLiga,13,H,Real Madrid,Sporting Gijan,2:1,LW,5,1:0,Penalty
16/17,18,2:0,Header,,,,,,,
16/17,FIFA Club World Cup,Semi-Finals,A,Real Madrid,CF Amarica,0:2,LW,90+3,0:2,Right-footed shot
16/17,FIFA Club World Cup,Final,H,Real Madrid,Kashima Antlers,4:2 AET,LW,60,2:2,Penalty
16/17,97,3:2,Left-footed shot,,,,,,,
16/17,14,4:2,Left-footed shot,,,,,,,
16/17,LaLiga,17,H,Real Madrid,Granada CF,5:0,LW,27,3:0,Header
16/17,LaLiga,18,A,Real Madrid,Sevilla FC,2:1,CF,67,0:1,Penalty
16/17,Copa del Rey,Quarter-Finals,A,Real Madrid,Celta de Vigo,2:2,CF,62,1:1,Direct free kick
16/17,LaLiga,20,H,Real Madrid,Real Sociedad,3:0,LW,51,2:0,Right-footed shot
16/17,LaLiga,22,A,Real Madrid,CA Osasuna,1:3,CF,24,0:1,Right-footed shot
16/17,LaLiga,16,A,Real Madrid,Valencia CF,2:1,LW,44,2:1,Header
16/17,LaLiga,24,A,Real Madrid,Villarreal CF,2:3,LW,74,2:2,Penalty
16/17,LaLiga,25,H,Real Madrid,UD Las Palmas,3:3,LW,86,2:3,Penalty
16/17,89,3:3,Header,,,,,,,
16/17,LaLiga,27,H,Real Madrid,Real Betis Balompia,2:1,LW,41,1:1,Header
16/17,UEFA Champions League,Quarter-Finals,A,Real Madrid,Bayern Munich,1:2,LW,47,1:1,Right-footed shot
16/17,77,1:2,Right-footed shot,,,,,,,
16/17,UEFA Champions League,Quarter-Finals,H,Real Madrid,Bayern Munich,4:2 AET,CF,76,1:1,Header
16/17,15,2:2,Left-footed shot,,,,,,,
16/17,19,3:2,Right-footed shot,,,,,,,
16/17,LaLiga,35,H,Real Madrid,Valencia CF,2:1,LW,27,1:0,Header
16/17,UEFA Champions League,Semi-Finals,H,Real Madrid,Atlatico de Madrid,3:0,CF,10,1:0,Header
16/17,73,2:0,Right-footed shot,,,,,,,
16/17,86,3:0,Right-footed shot,,,,,,,
16/17,LaLiga,37,H,Real Madrid,Sevilla FC,4:1,LW,23,2:0,Right-footed shot
16/17,78,3:1,Left-footed shot,,,,,,,
16/17,LaLiga,21,A,Real Madrid,Celta de Vigo,1:4,CF,10,0:1,Left-footed shot
16/17,48,0:2,Left-footed shot,,,,,,,
16/17,LaLiga,38,A,Real Madrid,Malaga CF,0:2,CF,2,0:1,Right-footed shot
16/17,UEFA Champions League,Final,A,Real Madrid,Juventus FC,1:4,CF,20,0:1,Right-footed shot
16/17,64,1:3,Right-footed shot,,,,,,,
17/18,Supercopa,final,A,Real Madrid,FC Barcelona,1:3,CF,80,1:2,Right-footed shot
17/18,UEFA Champions League,Group Stage,H,Real Madrid,APOEL Nicosia,3:0,CF,12,1:0,Counter attack goal
17/18,51,2:0,Penalty,,,,,,,
17/18,UEFA Champions League,Group Stage,A,Real Madrid,Borussia Dortmund,1:3,CF,49,0:2,Left-footed shot
17/18,79,1:3,Right-footed shot,,,,,,,
17/18,LaLiga,8,A,Real Madrid,Getafe CF,1:2,CF,85,1:2,Right-footed shot
17/18,UEFA Champions League,Group Stage,H,Real Madrid,Tottenham Hotspur,1:1,LW,43,1:1,Penalty
17/18,UEFA Champions League,Group Stage,A,Real Madrid,Tottenham Hotspur,3:1,LW,80,3:1,Right-footed shot
17/18,UEFA Champions League,Group Stage,A,Real Madrid,APOEL Nicosia,0:6,LW,49,0:5,Header
17/18,54,0:6,Left-footed shot,,,,,,,
17/18,LaLiga,13,H,Real Madrid,Malaga CF,3:2,CF,76,3:2,Penalty rebound
17/18,UEFA Champions League,Group Stage,H,Real Madrid,Borussia Dortmund,3:2,LW,12,2:0,Right-footed shot
17/18,LaLiga,15,H,Real Madrid,Sevilla FC,5:0,CF,23,2:0,Right-footed shot
17/18,31,3:0,Penalty,,,,,,,
17/18,FIFA Club World Cup,Semi-Finals,A,Real Madrid,Al-Jazira (Abu Dhabi),1:2,LW,53,1:1,Right-footed shot
17/18,FIFA Club World Cup,Final,H,Real Madrid,Grêmio Foot-Ball Porto Alegrense,1:0,LW,53,1:0,Direct free kick
17/18,LaLiga,20,H,Real Madrid,Deportivo de La Coruña,7:1,LW,78,5:1,Left-footed shot
17/18,84,6:1,Header,,,,,,,
17/18,LaLiga,21,A,Real Madrid,Valencia CF,1:4,LW,16,0:1,Penalty
17/18,38,0:2,Penalty,,,,,,,
17/18,LaLiga,23,H,Real Madrid,Real Sociedad,5:2,CF,27,2:0,Right-footed shot
17/18,37,4:0,Header,,,,,,,
17/18,80,5:1,Tap-in,,,,,,,
17/18,UEFA Champions League,last 16,H,Real Madrid,Paris Saint-Germain,3:1,LW,45,1:1,Penalty
17/18,83,2:1,Tap-in,,,,,,,
17/18,LaLiga,24,A,Real Madrid,Real Betis Balompia,3:5,CF,65,2:4,Right-footed shot
17/18,LaLiga,25,H,Real Madrid,Deportivo Alavas,4:0,CF ,44,1:0,Left-footed shot
17/18,61,3:0,Right-footed shot,,,,,,,
17/18,LaLiga,27,H,Real Madrid,Getafe CF,3:1,CF,45+1,2:0,Left-footed shot
17/18,78,3:1,Header,,,,,,,
17/18,UEFA Champions League,last 16,A,Real Madrid,Paris Saint-Germain,1:2,CF,51,0:1,Header
17/18,LaLiga,28,A,Real Madrid,SD Eibar,1:2,CF,33,0:1,Right-footed shot
17/18,84,1:2,Header,,,,,,,
17/18,LaLiga,29,H,Real Madrid,Girona FC,6:3,CF,11,1:0,Left-footed shot
17/18,47,2:1,Left-footed shot,,,,,,,
17/18,64,4:1,Tap-in,,,,,,,
17/18,90+1,6:3,Right-footed shot,,,,,,,
17/18,UEFA Champions League,Quarter-Finals,A,Real Madrid,Juventus FC,0:3,CF,3,0:1,Right-footed shot
17/18,64,0:2,Right-footed shot,,,,,,,
17/18,LaLiga,31,H,Real Madrid,Atlatico de Madrid,1:1,CF,53,1:0,Right-footed shot
17/18,UEFA Champions League,Quarter-Finals,H,Real Madrid,Juventus FC,1:3,CF,90+7,1:3,Penalty
17/18,LaLiga,33,H,Real Madrid,Athletic Bilbao,1:1,CF,87,1:1,Right-footed shot
17/18,LaLiga,36,A,Real Madrid,FC Barcelona,2:2,LW,14,1:1,Right-footed shot
17/18,LaLiga,38,A,Real Madrid,Villarreal CF,2:2,CF,32,0:2,Header
18/19,Serie A,4,H,Juventus FC,US Sassuolo,2:1,CF,50,1:0,Tap-in
18/19,65,2:0,Left-footed shot,,,,,,,
18/19,Serie A,5,A,Juventus FC,Frosinone Calcio,0:2,LW,81,0:1,Left-footed shot
18/19,Serie A,8,A,Juventus FC,Udinese Calcio,0:2,LW,37,0:2,Left-footed shot
18/19,Serie A,9,H,Juventus FC,Genoa CFC,1:1,LW,18,1:0,Tap-in
18/19,Serie A,10,A,Juventus FC,Empoli FC ,1:2,CF,54,1:1,Penalty
18/19,70,1:2,Right-footed shot,,,,,,,
18/19,UEFA Champions League,Group Stage,H,Juventus FC,Manchester United,1:2,CF,65,1:0,Right-footed shot
18/19,Serie A,12,A,Juventus FC,AC Milan,0:2,LW,81,0:2,Tap-in
18/19,Serie A,13,H,Juventus FC,SPAL,2:0,CF,29,1:0,Left-footed shot
18/19,Serie A,14,A,Juventus FC,ACF Fiorentina,0:3,LW,79,0:3,Penalty
18/19,Serie A,16,A,Juventus FC,Torino FC,0:1,LW,70,0:1,Penalty
18/19,Serie A,18,A,Juventus FC,Atalanta BC,2:2,CF,78,2:2,Header
18/19,Serie A,19,H,Juventus FC,UC Sampdoria,2:1,LW,2,1:0,Right-footed shot
18/19,65,2:1,Penalty,,,,,,,
18/19,Supercoppa Italiana,Final,H,Juventus FC,AC Milan,1:0,LW,61,1:0,Header
18/19,Serie A,21,A,Juventus FC,SS Lazio,1:2,LW,88,1:2,Penalty
18/19,Serie A,22,H,Juventus FC,Parma Calcio 1913,3:3,LW,36,1:0,Right-footed shot
18/19,66,3:1,Header,,,,,,,
18/19,Serie A,23,A,Juventus FC,US Sassuolo,0:3,LW,70,0:2,Header
18/19,Serie A,24,H,Juventus FC,Frosinone Calcio,3:0,LW,63,3:0,Right-footed shot
18/19,UEFA Champions League,last 16,H,Juventus FC,Atlatico de Madrid,3:0,CF,27,1:0,Header
18/19,49,2:0,Header,,,,,,,
18/19,86,3:0,Penalty,,,,,,,
18/19,UEFA Champions League,Quarter-Finals,A,Juventus FC,Ajax Amsterdam,1:1,LW,45,0:1,Header
18/19,UEFA Champions League,Quarter-Finals,H,Juventus FC,Ajax Amsterdam,1:2,LW,28,1:0,Header
18/19,Serie A,34,A,Juventus FC,Inter Milan,1:1,CF,62,1:1,Left-footed shot
18/19,Serie A,35,H,Juventus FC,Torino FC,1:1,CF,84,1:1,Header
19/20,Serie A,2,H,Juventus FC,SSC Napoli,4:3,LW,62,3:0,Left-footed shot
19/20,Serie A,4,H,Juventus FC,Hellas Verona,2:1,LW,49,2:1,Penalty
19/20,Serie A,6,H,Juventus FC,SPAL,2:0,CF,78,2:0,Header
19/20,UEFA Champions League,Group Stage,H,Juventus FC,Bayer 4 Leverkusen,3:0,CF,89,3:0,Right-footed shot
19/20,Serie A,8,H,Juventus FC,Bologna FC 199,2:1,CF,19,1:0,Right-footed shot
19/20,Serie A,10,H,Juventus FC,Genoa CFC,2:1,CF,90+6,2:1,Penalty
19/20,Serie A,14,H,Juventus FC,US Sassuolo,2:2,CF,68,2:2,Penalty
19/20,Serie A,15,A,Juventus FC,SS Lazio,3:1,CF,25,0:1,Tap-in
19/20,UEFA Champions League,Group Stage,A,Juventus FC,Bayer 4 Leverkusen,0:2,CF,75,0:1,Right-footed shot
19/20,Serie A,16,H,Juventus FC,Udinese Calcio,3:1,CF,9,1:0,Right-footed shot
19/20,37,2:0,Left-footed shot,,,,,,,
19/20,Serie A,17,A,Juventus FC,UC Sampdoria,1:2,LW,45,1:2,Header
19/20,Serie A,18,H,Juventus FC,Cagliari Calcio,4:0,CF,49,1:0,Right-footed shot
19/20,67,2:0,Penalty,,,,,,,
19/20,82,4:0,Left-footed shot,,,,,,,
19/20,Serie A,19,A,Juventus FC,AS Roma,1:2,CF,10,0:2,Penalty
19/20,Serie A,20,H,Juventus FC,Parma Calcio 1913,2:1,CF,43,1:0,Deflected shot on goal
19/20,58,2:1,Right-footed shot,,,,,,,
19/20,Italy Cup,Quarter-Finals,H,Juventus FC,AS Roma,3:1,LW,26,1:0,Left-footed shot
19/20,Serie A,21,A,Juventus FC,SSC Napoli,2:1,LW,90,2:1,Right-footed shot
19/20,Serie A,22,H,Juventus FC,ACF Fiorentina,3:0,LW,40,1:0,Penalty
19/20,80,2:0,Penalty,,,,,,,
19/20,Serie A,23,A,Juventus FC,Hellas Verona,2:1,LW,65,0:1,Right-footed shot
19/20,Italy Cup,Semi-Finals,A,Juventus FC,AC Milan,1:1,LW,90+1,1:1,Penalty
19/20,Serie A,25,A,Juventus FC,SPAL,1:2,LW,39,0:1,Tap-in
19/20,Serie A,27,A,Juventus FC,Bologna FC 199,0:2,LW,23,0:1,Penalty
19/20,Serie A,28,H,Juventus FC,US Lecce,4:0,LW,62,2:0,Penalty
19/20,Serie A,29,A,Juventus FC,Genoa CFC,1:3,LW,56,0:2,Long distance kick
19/20,Serie A,30,H,Juventus FC,Torino FC,4:1,LW,61,3:1,Direct free kick
19/20,Serie A,31,A,Juventus FC,AC Milan,4:2,LW,53,0:2,Left-footed shot
19/20,Serie A,32,H,Juventus FC,Atalanta BC,2:2,LW,55,1:1,Penalty
19/20,90,2:2,Penalty,,,,,,,
19/20,Serie A,34,H,Juventus FC,SS Lazio,2:1,LW,51,1:0,Penalty
19/20,54,2:0,Counter attack goal,,,,,,,
19/20,Serie A,36,H,Juventus FC,UC Sampdoria,2:0,LW,45+7,1:0,Right-footed shot
19/20,UEFA Champions League,last 16,H,Juventus FC,Olympique Lyon,2:1,LW,43,1:1,Penalty
19/20,60,2:1,Left-footed shot,,,,,,,
20/21,Serie A,1,H,Juventus FC,UC Sampdoria,3:0,CF,88,3:0,Right-footed shot
20/21,Serie A,2,A,Juventus FC,AS Roma,2:2,CF,44,1:1,Penalty
20/21,69,2:2,Header,,,,,,,
20/21,Serie A,6,A,Juventus FC,Spezia Calcio,1:4,CF,59,1:2,Right-footed shot
20/21,76,1:4,Penalty,,,,,,,
20/21,Serie A,7,A,Juventus FC,SS Lazio,1:1,LW,15,0:1,Right-footed shot
20/21,Serie A,8,H,Juventus FC,Cagliari Calcio,2:0,CF,38,1:0,Right-footed shot
20/21,42,2:0,Right-footed shot,,,,,,,
20/21,UEFA Champions League,Group Stage,H,Juventus FC,Ferencvarosi TC,2:1,CF,35,1:1,Left-footed shot
20/21,UEFA Champions League,Group Stage,H,Juventus FC,Dynamo Kyiv,3:0,CF,57,2:0,Right-footed shot
20/21,UEFA Champions League,Group Stage,A,Juventus FC,FC Barcelona,0:3,CF,13,0:1,Penalty
20/21,52,0:3,Penalty,,,,,,,
20/21,Serie A,11,A,Juventus FC,Genoa CFC,1:3,CF,78,1:2,Penalty
20/21,89,1:3,Penalty,,,,,,,
20/21,Serie A,13,A,Juventus FC,Parma Calcio 1913,0:4,CF,26,0:2,Header
20/21,48,0:3,Left-footed shot,,,,,,,
20/21,Serie A,15,H,Juventus FC,Udinese Calcio,4:1,CF,31,1:0,Right-footed shot
20/21,70,3:0,Left-footed shot,,,,,,,
20/21,Serie A,17,H,Juventus FC,US Sassuolo,3:1,CF,90+2,3:1,Right-footed shot
20/21,Supercoppa Italiana,Final,H,Juventus FC,SSC Napoli,2:0,CF,64,1:0,Tap-in
20/21,Italy Cup,Semi-Finals,A,Juventus FC,Inter Milan,1:2,CF,26,1:1,Penalty
20/21,35,1:2,Left-footed shot,,,,,,,
20/21,Serie A,21,H,Juventus FC,AS Roma,2:0,CF,13,1:0,Left-footed shot
20/21,Serie A,23,H,Juventus FC,FC Crotone,3:0,CF,38,1:0,Header
20/21,45+1,2:0,Header,,,,,,,
20/21,Serie A,24,A,Juventus FC,Hellas Verona,1:1,CF,49,0:1,Right-footed shot
20/21,Serie A,25,H,Juventus FC,Spezia Calcio,3:0,CF,89,3:0,Counter attack goal
20/21,Serie A,27,A,Juventus FC,Cagliari Calcio,1:3,CF,10,0:1,Header
20/21,25,0:2,Penalty,,,,,,,
20/21,32,0:3,Left-footed shot,,,,,,,
20/21,Serie A,29,A,Juventus FC,Torino FC,2:2,CF,79,2:2,Header
20/21,Serie A,3,H,Juventus FC,SSC Napoli,2:1,CF,13,1:0,Right-footed shot
20/21,Serie A,34,A,Juventus FC,Udinese Calcio,1:2,CF,83,1:1,Penalty
20/21,89,1:2,Header,,,,,,,
20/21,Serie A,36,A,Juventus FC,US Sassuolo,1:3,CF,45,0:2,Left-footed shot
20/21,Serie A,37,H,Juventus FC,Inter Milan,3:2,CF,24,1:0,Penalty rebound
21/22,Premier League,4,H,Manchester United,Newcastle United,4:1,CF,45+2,1:0,Tap-in
21/22,62,2:1,Left-footed shot,,,,,,,
21/22,UEFA Champions League,Group Stage,A,Manchester United,BSC Young Boys,2:1,CF,13,0:1,Right-footed shot
21/22,Premier League,5,A,Manchester United,West Ham United,1:2,CF,35,1:1,Right-footed shot
21/22,UEFA Champions League,Group Stage,H,Manchester United,Villarreal CF,2:1,CF,90+5,2:1,Right-footed shot
21/22,UEFA Champions League,Group Stage,H,Manchester United,Atalanta BC,3:2,CF,81,3:2,Header
21/22,Premier League,10,A,Manchester United,Tottenham Hotspur,0:3,CF,39,0:1,Right-footed shot
21/22,UEFA Champions League,Group Stage,A,Manchester United,Atalanta BC,2:2,CF,45+1,1:1,Right-footed shot
21/22,,,,,,,,90+1,2:2,Right-footed shot
21/22,UEFA Champions League,Group Stage,A,Manchester United,Villarreal CF,0:2,CF,78,0:1,Right-footed shot
21/22,Premier League,14,H,Manchester United,Arsenal FC,3:2,CF,52,2:1,Right-footed shot
21/22,,,,,,,,70,3:2,Penalty
21/22,Premier League,16,A,Manchester United,Norwich City,0:1,CF,75,0:1,Penalty
21/22,Premier League,20,H,Manchester United,Burnley FC,3:1,CF,35,3:0,Right-footed shot
21/22,Premier League,18,H,Manchester United,Brighton & Hove Albion,2:0,CF,51,1:0,Right-footed shot
21/22,Premier League,29,H,Manchester United,Tottenham Hotspur,3:2,CF,12,1:0,Right-footed shot
21/22,,,,,,,,38,2:1,Right-footed shot
21/22,,,,,,,,81,3:2,Header
21/22,Premier League,33,H,Manchester United,Norwich City,3:2,CF,7,1:0,Right-footed shot
21/22,,,,,,,,32,2:0,Header
21/22,,,,,,,,76,3:2,Direct free kick
21/22,Premier League,34,A,Manchester United,Arsenal FC,3:1,CF,34,2:1,Left-footed shot
21/22,Premier League,37,H,Manchester United,Chelsea FC,1:1,CF,62,1:1,Right-footed shot
21/22,Premier League,35,H,Manchester United,Brentford FC,3:0,CF,61,2:0,Penalty
