,Goal_no,Season,Competition,Matchday,Venue,Team,Opponent,Result,Position,Minute,At_score,Type_of_goal
0,1,2/3,Liga Portugal,6,H,Sporting CP,Moreirense FC,3:0,LW,34,2:0,Solo run
1,2,2/3,Liga Portugal,6,H,Sporting CP,Moreirense FC,3:0,,90+5,3:0,Header
2,3,2/3,Liga Portugal,8,A,Sporting CP,Boavista FC,1:2,,88,1:2,Right-footed shot
3,4,2/3,TaÃ§a de Portugal Placard,Fourth Round,H,Sporting CP,CD Estarreja,4:1,,67,3:0,Left-footed shot
4,5,2/3,TaÃ§a de Portugal Placard,Fifth Round,H,Sporting CP,FC Oliveira do Hospital,8:1,,13,3:0,
5,6,3/4,Premier League,11,H,Manchester United,Portsmouth FC,3:0,RW,80,2:0,Direct free kick
6,7,3/4,FA Cup,Fifth Round,H,Manchester United,Manchester City,4:2,RW,74,3:0,Right-footed shot
7,8,3/4,Premier League,29,H,Manchester United,Tottenham Hotspur,3:0,,89,2:0,Right-footed shot
8,9,3/4,Premier League,32,A,Manchester United,Birmingham City,1:2,,60,1:1,Header
9,10,3/4,Premier League,38,A,Manchester United,Aston Villa,0:2,,4,0:1,Right-footed shot
10,11,3/4,FA Cup,Final,H,Manchester United,Millwall FC,3:0,RW,44,1:0,Header
11,12,4/5,Premier League,16,H,Manchester United,Southampton FC,3:0,,87,3:0,Right-footed shot
12,13,4/5,FA Cup,Third Round,A,Manchester United,Exeter City,0:2,,9,0:1,
13,14,4/5,Premier League,24,H,Manchester United,Aston Villa,3:1,,8,1:0,Right-footed shot
14,15,4/5,Premier League,25,A,Manchester United,Arsenal FC,2:4,RW,54,2:2,Left-footed shot
15,16,4/5,Premier League,25,A,Manchester United,Arsenal FC,2:4,RW,58,2:3,Tap-in
16,17,4/5,FA Cup,Fifth Round,A,Manchester United,Everton FC,0:2,,58,0:2,Tap-in
17,18,4/5,FA Cup,Sixth Round,A,Manchester United,Southampton FC,0:4,,45+1,0:2,Left-footed shot
18,19,4/5,Premier League,30,H,Manchester United,Fulham FC,1:0,,21,1:0,Right-footed shot
19,20,4/5,FA Cup,Semi-Finals,A,Manchester United,Newcastle United,1:4,RW,76,1:4,Right-footed shot
20,21,5/6,UEFA Champions League Qualifying,3rd round,H,Manchester United,Debreceni VSC,3:0,,63,3:0,Right-footed shot
21,22,5/6,Premier League,11,A,Manchester United,Middlesbrough FC,4:1,,90,4:1,Header
22,23,5/6,EFL Cup,Round of 16,H,Manchester United,West Bromwich Albion,3:1,RW,12,1:1,Penalty
23,24,5/6,Premier League,20,H,Manchester United,Bolton Wanderers,4:1,,68,3:1,Right-footed shot
24,25,5/6,Premier League,20,H,Manchester United,Bolton Wanderers,4:1,,90,4:1,Left-footed shot
25,26,5/6,Premier League,25,H,Manchester United,Fulham FC,4:2,,14,2:0,Direct free kick
26,27,5/6,Premier League,25,H,Manchester United,Fulham FC,4:2,,87,4:2,Right-footed shot
27,28,5/6,Premier League,26,A,Manchester United,Portsmouth FC,1:3,RW,38,0:2,Left-footed shot
28,29,5/6,Premier League,26,A,Manchester United,Portsmouth FC,1:3,RW,45,0:3,Right-footed shot
29,30,5/6,EFL Cup,Final,H,Manchester United,Wigan Athletic,4:0,RW,59,3:0,
30,31,5/6,Premier League,28,A,Manchester United,Wigan Athletic,1:2,,74,1:1,Right-footed shot
31,32,5/6,Premier League,38,H,Manchester United,Charlton Athletic,4:0,RW,23,2:0,Left-footed shot
32,33,6/7,Premier League,1,H,Manchester United,Fulham FC,5:1,,19,4:0,
33,34,6/7,Premier League,6,A,Manchester United,Reading FC,1:1,CF,73,1:1,
34,35,6/7,Premier League,10,A,Manchester United,Bolton Wanderers,0:4,,82,0:3,
35,36,6/7,Premier League,11,H,Manchester United,Portsmouth FC,3:0,RW,10,2:0,Direct free kick
36,37,6/7,Premier League,15,H,Manchester United,Everton FC,3:0,,39,1:0,
37,38,6/7,Premier League,17,H,Manchester United,Manchester City,3:1,,84,3:1,
38,39,6/7,Premier League,19,A,Manchester United,Aston Villa,0:3,,58,0:1,
39,40,6/7,Premier League,19,A,Manchester United,Aston Villa,0:3,,85,0:3,
40,41,6/7,Premier League,20,H,Manchester United,Wigan Athletic,3:1,,47,1:0,
41,42,6/7,Premier League,21,H,Manchester United,Wigan Athletic,4:1,,50,2:0,Penalty rebound
42,43,6/7,Premier League,21,H,Manchester United,Reading FC,3:2,RW,58,2:1,
43,44,6/7,Premier League,21,H,Manchester United,Reading FC,3:2,RW,77,3:1,
44,45,6/7,Premier League,23,H,Manchester United,Aston Villa,3:1,,34,3:0,Header
45,46,6/7,Premier League,25,H,Manchester United,Watford FC,4:0,RW,12,1:0,Penalty
46,47,6/7,Premier League,26,A,Manchester United,Tottenham Hotspur,0:4,RW,45,0:1,Penalty
47,48,6/7,Premier League,28,A,Manchester United,Fulham FC,1:2,,88,1:2,Solo run
48,49,6/7,FA Cup,Sixth Round,A,Manchester United,Middlesbrough FC,2:2,RW,68,2:2,Penalty
49,50,6/7,FA Cup,6th round,H,Manchester United,Middlesbrough FC,1:0,,76,1:0,Penalty
50,51,6/7,UEFA Champions League,Quarter-Finals,H,Manchester United,AS Roma,7:1,RW,44,4:0,Right-footed shot
51,52,6/7,UEFA Champions League,Quarter-Finals,H,Manchester United,AS Roma,8:1,RW,49,5:0,Right-footed shot
52,53,6/7,FA Cup,Semi-Finals,A,Manchester United,Watford FC,1:4,,28,1:2,Right-footed shot
53,54,6/7,UEFA Champions League,Semi-Finals,H,Manchester United,AC Milan,3:2,RW,5,1:0,Header
54,55,6/7,Premier League,37,A,Manchester United,Manchester City,0:1,RW,34,0:1,Penalty
55,56,7/8,UEFA Champions League,Group Stage,A,Manchester United,Sporting CP,0:1,RW,62,0:1,Header
56,57,7/8,Premier League,8,A,Manchester United,Birmingham City,0:1,RW,51,0:1,
57,58,7/8,Premier League,9,H,Manchester United,Wigan Athletic,4:0,RW,59,2:0,Header
58,59,7/8,Premier League,9,H,Manchester United,Wigan Athletic,4:0,RW,76,3:0,Right-footed shot
59,60,7/8,UEFA Champions League,Group Stage,A,Manchester United,Dynamo Kyiv,2:4,RW,41,1:3,Penalty
60,61,7/8,UEFA Champions League,Group Stage,A,Manchester United,Dynamo Kyiv,2:4,RW,68,1:4,Header
61,62,7/8,Premier League,12,A,Manchester United,Arsenal FC,2:2,RW,82,1:2,
62,63,7/8,UEFA Champions League,Group Stage,H,Manchester United,Dynamo Kyiv,4:0,RW,88,4:0,Right-footed shot
63,64,7/8,Premier League,13,H,Manchester United,Blackburn Rovers,2:0,RW,34,1:0,Header
64,65,7/8,Premier League,13,H,Manchester United,Blackburn Rovers,2:0,RW,35,2:0,Right-footed shot
65,66,7/8,UEFA Champions League,Group Stage,H,Manchester United,Sporting CP,2:1,RW,90+3,2:1,Direct free kick
66,67,7/8,Premier League,15,H,Manchester United,Fulham FC,2:0,,10,1:0,Right-footed shot
67,68,7/8,Premier League,15,H,Manchester United,Fulham FC,2:0,,58,2:0,Header
68,69,7/8,Premier League,16,H,Manchester United,Derby County,4:1,,90,4:1,Penalty
69,70,7/8,Premier League,18,H,Manchester United,Everton FC,2:1,RW,22,1:0,Left-footed shot
70,71,7/8,Premier League,18,H,Manchester United,Everton FC,2:1,RW,87,2:1,Penalty
71,72,7/8,Premier League,19,A,Manchester United,Sunderland AFC,0:4,,45,0:3,Direct free kick
72,73,7/8,Premier League,20,A,Manchester United,West Ham United,2:1,RW,14,0:1,Header
73,74,7/8,FA Cup,Third Round,A,Manchester United,Aston Villa,0:2,,81,0:1,Left-footed shot
74,75,7/8,Premier League,22,H,Manchester United,Newcastle United,6:0,RW,48,1:0,Direct free kick
75,76,7/8,Premier League,22,H,Manchester United,Newcastle United,6:0,RW,70,3:0,Right-footed shot
76,77,7/8,Premier League,22,H,Manchester United,Newcastle United,6:0,RW,88,5:0,Left-footed shot
77,78,7/8,Premier League,23,A,Manchester United,Reading FC,0:2,RW,90+2,0:2,Right-footed shot
78,79,7/8,FA Cup,Fourth Round,H,Manchester United,Tottenham Hotspur,3:1,RW,69,2:1,Penalty
79,80,7/8,FA Cup,Fourth Round,H,Manchester United,Tottenham Hotspur,3:1,RW,88,3:1,Right-footed shot
80,81,7/8,Premier League,24,H,Manchester United,Portsmouth FC,2:0,RW,10,1:0,Right-footed shot
81,82,7/8,Premier League,24,H,Manchester United,Portsmouth FC,2:0,RW,12,2:0,Direct free kick
82,83,7/8,Premier League,27,A,Manchester United,Newcastle United,1:5,RW,45,0:2,Right-footed shot
83,84,7/8,Premier League,27,A,Manchester United,Newcastle United,1:5,RW,56,0:3,Right-footed shot
84,85,7/8,UEFA Champions League,last 16,H,Manchester United,Olympique Lyon,1:0,RW,41,1:0,Left-footed shot
85,86,7/8,Premier League,29,A,Manchester United,Derby County,0:1,,76,0:1,Right-footed shot
86,87,7/8,Premier League,30,H,Manchester United,Bolton Wanderers,2:0,,8,1:0,Right-footed shot
87,88,7/8,Premier League,30,H,Manchester United,Bolton Wanderers,2:0,,19,2:0,Direct free kick
88,89,7/8,Premier League,31,H,Manchester United,Liverpool FC,3:0,RW,79,2:0,Header
89,90,7/8,Premier League,32,H,Manchester United,Aston Villa,4:0,RW,16,1:0,Right-footed shot
90,91,7/8,UEFA Champions League,Quarter-Finals,A,Manchester United,AS Roma,0:2,RW,39,0:1,Header
91,92,7/8,Premier League,33,A,Manchester United,Middlesbrough FC,2:2,RW,9,0:1,Left-footed shot
92,93,7/8,Premier League,34,H,Manchester United,Arsenal FC,2:1,RW,53,1:1,Penalty
93,94,7/8,Premier League,37,H,Manchester United,West Ham United,4:1,RW,3,1:0,Right-footed shot
94,95,7/8,Premier League,37,H,Manchester United,West Ham United,4:1,RW,24,2:0,Right-footed shot
95,96,7/8,Premier League,38,A,Manchester United,Wigan Athletic,0:2,RW,32,0:1,Penalty
96,97,7/8,UEFA Champions League,Final,H,Manchester United,Chelsea FC,6:5 on pens,LW,26,1:0,Header
97,98,8/9,EFL Cup,Third Round,H,Manchester United,Middlesbrough FC,3:1,,25,1:0,Header
98,99,8/9,Premier League,6,H,Manchester United,Bolton Wanderers,2:0,RW,59,1:0,Penalty
99,100,8/9,Premier League,8,H,Manchester United,West Bromwich Albion,4:0,RW,69,2:0,Left-footed shot
100,101,8/9,Premier League,10,H,Manchester United,West Ham United,2:0,RW,14,1:0,Left-footed shot
101,102,8/9,Premier League,10,H,Manchester United,West Ham United,2:0,RW,30,2:0,Right-footed shot
102,103,8/9,Premier League,11,H,Manchester United,Hull City,4:3,RW,3,1:0,Left-footed shot
103,104,8/9,Premier League,11,H,Manchester United,Hull City,4:3,RW,43,3:1,Header
104,105,8/9,Premier League,13,H,Manchester United,Stoke City,5:0,RW,3,1:0,Direct free kick
105,106,8/9,Premier League,13,H,Manchester United,Stoke City,5:0,RW,88,5:0,Direct free kick
106,107,8/9,FIFA Club World Cup,Semi-Finals,A,Manchester United,Gamba Osaka,3:5,LW,45+1,0:2,Header
107,108,8/9,EFL Cup,Semi-Finals,H,Manchester United,Derby County,4:2,,89,4:1,Penalty
108,109,8/9,Premier League,23,A,Manchester United,West Bromwich Albion,0:5,LW,65,0:4,Right-footed shot
109,110,8/9,Premier League,23,A,Manchester United,West Bromwich Albion,0:5,LW,73,0:5,Right-footed shot
110,111,8/9,Premier League,24,H,Manchester United,Everton FC,1:0,LW,43,1:0,Penalty
111,112,8/9,FA Cup,Fifth Round,A,Manchester United,Derby County,1:4,CF,68,1:3,Header
112,113,8/9,Premier League,26,H,Manchester United,Blackburn Rovers,2:1,,60,2:1,Direct free kick
113,114,8/9,UEFA Champions League,last 16,H,Manchester United,FC Internazionale,2:0,RW,49,2:0,Header
114,115,8/9,Premier League,29,H,Manchester United,Liverpool FC,1:4,RW,22,1:0,Penalty
115,116,8/9,Premier League,31,H,Manchester United,Aston Villa,3:2,RW,11,1:0,Direct free kick
116,117,8/9,Premier League,31,H,Manchester United,Aston Villa,3:2,RW,80,2:2,Left-footed shot
117,118,8/9,UEFA Champions League,Quarter-Finals,A,Manchester United,FC Porto,0:1,RW,6,0:1,Long distance kick
118,119,8/9,Premier League,34,H,Manchester United,Tottenham Hotspur,5:2,RW,57,1:2,Penalty
119,120,8/9,Premier League,34,H,Manchester United,Tottenham Hotspur,5:2,RW,68,3:2,Header
120,121,8/9,UEFA Champions League,Semi-Finals,A,Manchester United,Arsenal FC,1:3,CF,11,0:2,Direct free kick
121,122,8/9,UEFA Champions League,Semi-Finals,A,Manchester United,Arsenal FC,1:3,CF,61,0:3,Right-footed shot
122,123,8/9,Premier League,36,H,Manchester United,Manchester City,2:0,RW,17,1:0,Direct free kick
123,124,9/10,LaLiga,1,H,Real Madrid,Deportivo de La CoruÃ±a,3:2,RW,35,2:1,Penalty
124,125,9/10,LaLiga,2,A,Real Madrid,RCD Espanyol Barcelona,0:3,,90,0:3,Right-footed shot
125,126,9/10,UEFA Champions League,Group Stage,A,Real Madrid,FC ZÃ¼rich,2:5,CF,27,0:1,Direct free kick
126,127,9/10,UEFA Champions League,Group Stage,A,Real Madrid,FC ZÃ¼rich,2:5,CF,89,2:4,Direct free kick
127,128,9/10,LaLiga,3,H,Real Madrid,Xerez CD,5:0,RW,1,1:0,Right-footed shot
128,129,9/10,LaLiga,3,H,Real Madrid,Xerez CD,5:0,RW,75,2:0,Header
129,130,9/10,LaLiga,4,A,Real Madrid,Villarreal CF,0:2,CF,2,0:1,Right-footed shot
130,131,9/10,UEFA Champions League,Group Stage,H,Real Madrid,Olympique Marseille,3:0,CF,58,1:0,Left-footed shot
131,132,9/10,UEFA Champions League,Group Stage,H,Real Madrid,Olympique Marseille,3:0,CF,64,3:0,Right-footed shot
132,133,9/10,LaLiga,13,H,Real Madrid,UD AlmerÃ­a,4:2,CF,84,4:2,Right-footed shot
133,134,9/10,UEFA Champions League,Group Stage,A,Real Madrid,Olympique Marseille,1:3,CF,5,0:1,Direct free kick
134,135,9/10,UEFA Champions League,Group Stage,A,Real Madrid,Olympique Marseille,1:3,CF,80,1:3,Right-footed shot
135,136,9/10,LaLiga,15,H,Real Madrid,Real Zaragoza,6:0,CF,50,5:0,Left-footed shot
136,137,9/10,LaLiga,19,H,Real Madrid,Malaga CF,2:0,RW,35,1:0,Right-footed shot
137,138,9/10,LaLiga,19,H,Real Madrid,Malaga CF,2:0,RW,39,2:0,Right-footed shot
138,139,9/10,LaLiga,22,A,Real Madrid,Xerez CD,0:3,,69,0:2,Header
139,140,9/10,LaLiga,22,A,Real Madrid,Xerez CD,0:3,,71,0:3,Left-footed shot
140,141,9/10,LaLiga,23,H,Real Madrid,Villarreal CF,6:2,,18,1:0,Direct free kick
141,142,9/10,LaLiga,24,A,Real Madrid,CD Tenerife,1:5,,78,1:4,Penalty
142,143,9/10,LaLiga,25,H,Real Madrid,Sevilla FC,3:2,CF,59,1:2,Left-footed shot
143,144,9/10,UEFA Champions League,last 16,H,Real Madrid,Olympique Lyon,1:1,LW,6,1:0,Left-footed shot
144,145,9/10,LaLiga,26,A,Real Madrid,Real Valladolid CF,1:4,CF,29,0:1,Direct free kick
145,146,9/10,LaLiga,28,A,Real Madrid,Getafe CF,2:4,,13,0:1,Direct free kick
146,147,9/10,LaLiga,28,A,Real Madrid,Getafe CF,2:4,,36,0:4,Right-footed shot
147,148,9/10,LaLiga,30,A,Real Madrid,Racing Santander,0:2,,23,0:1,Penalty
148,149,9/10,LaLiga,32,A,Real Madrid,UD AlmerÃ­a,1:2,,26,1:1,Left-footed shot
149,150,9/10,LaLiga,33,H,Real Madrid,Valencia CF,2:0,CF,77,2:0,Right-footed shot
150,151,9/10,LaLiga,35,H,Real Madrid,CA Osasuna,3:2,,25,1:1,Right-footed shot
151,152,9/10,LaLiga,35,H,Real Madrid,CA Osasuna,3:2,,89,3:2,Header
152,153,9/10,LaLiga,36,A,Real Madrid,RCD Mallorca,1:4,,26,1:1,Right-footed shot
153,154,9/10,LaLiga,36,A,Real Madrid,RCD Mallorca,1:4,,56,1:2,Right-footed shot
154,155,9/10,LaLiga,36,A,Real Madrid,RCD Mallorca,1:4,,71,1:3,Right-footed shot
155,156,9/10,LaLiga,37,H,Real Madrid,Athletic Bilbao,5:1,CF,21,1:0,Penalty
156,157,10/11,LaLiga,4,H,Real Madrid,RCD Espanyol Barcelona,3:0,LW,28,1:0,Penalty
157,158,10/11,LaLiga,6,H,Real Madrid,Deportivo de La CoruÃ±a,6:1,LW,4,1:0,Header
158,159,10/11,LaLiga,6,H,Real Madrid,Deportivo de La CoruÃ±a,6:1,LW,89,6:1,Left-footed shot
159,160,10/11,LaLiga,7,A,Real Madrid,Malaga CF,1:4,LW,45,0:2,Right-footed shot
160,161,10/11,LaLiga,7,A,Real Madrid,Malaga CF,1:4,LW,50,0:3,Penalty
161,162,10/11,UEFA Champions League,Group Stage,H,Real Madrid,AC Milan,2:0,LW,13,1:0,Direct free kick
162,163,10/11,LaLiga,8,H,Real Madrid,Racing Santander,6:1,LW,15,2:0,Right-footed shot
163,164,10/11,LaLiga,8,H,Real Madrid,Racing Santander,6:1,LW,26,3:0,Left-footed shot
164,165,10/11,LaLiga,8,H,Real Madrid,Racing Santander,6:1,LW,47,4:0,Right-footed shot
165,166,10/11,LaLiga,8,H,Real Madrid,Racing Santander,6:1,LW,55,5:0,Penalty
166,167,10/11,LaLiga,9,A,Real Madrid,Harcules CF,1:3,LW,82,1:2,Right-footed shot
167,168,10/11,LaLiga,9,A,Real Madrid,Harcules CF,1:3,LW,86,1:3,Right-footed shot
168,169,10/11,Copa del Rey,4th round,H,Real Madrid,Real Murcia CF,5:1,,76,3:0,Left-footed shot
169,170,10/11,LaLiga,12,H,Real Madrid,Athletic Bilbao,5:1,LW,30,2:0,Left-footed shot
170,171,10/11,LaLiga,12,H,Real Madrid,Athletic Bilbao,5:1,LW,62,4:1,Direct free kick
171,172,10/11,LaLiga,12,H,Real Madrid,Athletic Bilbao,5:1,LW,90+1,5:1,Penalty
172,173,10/11,UEFA Champions League,Group Stage,A,Real Madrid,Ajax Amsterdam,0:4,LW,70,0:3,Left-footed shot
173,174,10/11,UEFA Champions League,Group Stage,A,Real Madrid,Ajax Amsterdam,0:4,LW,81,0:4,Penalty
174,175,10/11,LaLiga,14,H,Real Madrid,Valencia CF,2:0,LW,72,1:0,Left-footed shot
175,176,10/11,LaLiga,14,H,Real Madrid,Valencia CF,2:0,LW,86,2:0,Right-footed shot
176,177,10/11,UEFA Champions League,Group Stage,H,Real Madrid,AJ Auxerre,4:0,LW,49,2:0,Right-footed shot
177,178,10/11,LaLiga,15,A,Real Madrid,Real Zaragoza,1:3,LW,43,0:2,Direct free kick
178,179,10/11,Copa del Rey,last 16,H,Real Madrid,Levante UD,8:0,LW,44,4:0,Right-footed shot
179,180,10/11,Copa del Rey,last 16,H,Real Madrid,Levante UD,8:0,LW,71,6:0,Right-footed shot
180,181,10/11,Copa del Rey,last 16,H,Real Madrid,Levante UD,8:0,LW,73,7:0,Right-footed shot
181,182,10/11,LaLiga,17,A,Real Madrid,Getafe CF,2:3,LW,11,0:1,Penalty
182,183,10/11,LaLiga,17,A,Real Madrid,Getafe CF,2:3,LW,57,1:3,Right-footed shot
183,184,10/11,LaLiga,18,H,Real Madrid,Villarreal CF,4:2,LW,10,1:1,Right-footed shot
184,185,10/11,LaLiga,18,H,Real Madrid,Villarreal CF,4:2,LW,45,2:2,Header
185,186,10/11,LaLiga,18,H,Real Madrid,Villarreal CF,4:2,LW,79,3:2,Left-footed shot
186,187,10/11,Copa del Rey,Quarter-Finals,H,Real Madrid,Atlatico de Madrid,3:1,LW,60,2:1,Right-footed shot
187,188,10/11,Copa del Rey,Quarter-Finals,A,Real Madrid,Atlatico de Madrid,0:1,CF,22,0:1,Right-footed shot
188,189,10/11,LaLiga,22,H,Real Madrid,Real Sociedad,4:1,LW,20,2:0,Left-footed shot
189,190,10/11,LaLiga,22,H,Real Madrid,Real Sociedad,4:1,LW,42,3:0,Header
190,191,10/11,LaLiga,26,H,Real Madrid,Malaga CF,7:0,LW,50,4:0,Left-footed shot
191,192,10/11,LaLiga,26,H,Real Madrid,Malaga CF,7:0,LW,67,6:0,Penalty
192,193,10/11,LaLiga,26,H,Real Madrid,Malaga CF,7:0,LW,76,7:0,Right-footed shot
193,194,10/11,UEFA Champions League,Quarter-Finals,H,Real Madrid,Tottenham Hotspur,4:0,LW,87,4:0,Right-footed shot
194,195,10/11,LaLiga,31,A,Real Madrid,Athletic Bilbao,0:3,CF,70,0:3,Right-footed shot
195,196,10/11,UEFA Champions League,Quarter-Finals,A,Real Madrid,Tottenham Hotspur,0:1,RW,50,0:1,Right-footed shot
196,197,10/11,LaLiga,32,H,Real Madrid,FC Barcelona,1:1,LW,82,1:1,Penalty
197,198,10/11,Copa del Rey,Final,A,Real Madrid,FC Barcelona,0:1 AET,CF,13,0:1,Header
198,199,10/11,LaLiga,35,A,Real Madrid,Sevilla FC,2:6,LW,30,0:2,Right-footed shot
199,200,10/11,LaLiga,35,A,Real Madrid,Sevilla FC,2:6,LW,64,1:4,Right-footed shot
200,201,10/11,LaLiga,35,A,Real Madrid,Sevilla FC,2:6,LW,70,1:5,Right-footed shot
201,202,10/11,LaLiga,35,A,Real Madrid,Sevilla FC,2:6,LW,76,1:6,Right-footed shot
202,203,10/11,LaLiga,36,H,Real Madrid,Getafe CF,4:0,LW,23,1:0,Header
203,204,10/11,LaLiga,36,H,Real Madrid,Getafe CF,4:0,LW,57,2:0,Left-footed shot
204,205,10/11,LaLiga,36,H,Real Madrid,Getafe CF,4:0,LW,90+1,4:0,Penalty
205,206,10/11,LaLiga,37,A,Real Madrid,Villarreal CF,1:3,CF,22,0:2,Direct free kick
206,207,10/11,LaLiga,37,A,Real Madrid,Villarreal CF,1:3,CF,90,1:3,Direct free kick
207,208,10/11,LaLiga,38,H,Real Madrid,UD AlmerÃ­a,8:1,LW,4,1:0,Right-footed shot
208,209,10/11,LaLiga,38,H,Real Madrid,UD AlmerÃ­a,8:1,LW,76,7:1,Right-footed shot
209,210,11/12,Supercopa,final,A,Real Madrid,FC Barcelona,3:2,LW,20,1:1,Right-footed shot
210,211,11/12,LaLiga,2,A,Real Madrid,Real Zaragoza,0:6,LW,23,0:1,Left-footed shot
211,212,11/12,LaLiga,2,A,Real Madrid,Real Zaragoza,0:6,LW,70,0:4,Right-footed shot
212,213,11/12,LaLiga,2,A,Real Madrid,Real Zaragoza,0:6,LW,86,0:6,Right-footed shot
213,214,11/12,LaLiga,3,H,Real Madrid,Getafe CF,4:2,LW,59,2:1,Penalty
214,215,11/12,LaLiga,6,H,Real Madrid,Rayo Vallecano,6:2,LW,39,1:1,Left-footed shot
215,216,11/12,LaLiga,6,H,Real Madrid,Rayo Vallecano,6:2,LW,51,3:1,Penalty
216,217,11/12,LaLiga,6,H,Real Madrid,Rayo Vallecano,6:2,LW,84,6:2,Penalty
217,218,11/12,UEFA Champions League,Group Stage,H,Real Madrid,Ajax Amsterdam,3:0,LW,25,1:0,Right-footed shot
218,219,11/12,LaLiga,9,A,Real Madrid,Malaga CF,0:4,LW,24,0:2,Left-footed shot
219,220,11/12,LaLiga,9,A,Real Madrid,Malaga CF,0:4,LW,28,0:3,Right-footed shot
220,221,11/12,LaLiga,9,A,Real Madrid,Malaga CF,0:4,LW,38,0:4,Right-footed shot
221,222,11/12,UEFA Champions League,Group Stage,A,Real Madrid,Olympique Lyon,0:2,LW,25,0:1,Direct free kick
222,223,11/12,UEFA Champions League,Group Stage,A,Real Madrid,Olympique Lyon,0:2,LW,69,0:2,Penalty
223,224,11/12,LaLiga,12,H,Real Madrid,CA Osasuna,7:1,LW,23,1:0,Header
224,225,11/12,LaLiga,12,H,Real Madrid,CA Osasuna,7:1,LW,55,4:1,Penalty
225,226,11/12,LaLiga,12,H,Real Madrid,CA Osasuna,7:1,LW,58,5:1,Header
226,227,11/12,LaLiga,13,A,Real Madrid,Valencia CF,2:3,LW,79,1:3,Right-footed shot
227,228,11/12,LaLiga,14,H,Real Madrid,Atlatico de Madrid,4:1,LW,24,1:1,Penalty
228,229,11/12,LaLiga,14,H,Real Madrid,Atlatico de Madrid,4:1,LW,82,4:1,Penalty
229,230,11/12,LaLiga,15,A,Real Madrid,Sporting Gijan,0:3,LW,65,0:2,Right-footed shot
230,231,11/12,Copa del Rey,4th round,A,Real Madrid,SD Ponferradina,0:2,LW,74,0:2,Left-footed shot
231,232,11/12,LaLiga,17,A,Real Madrid,Sevilla FC,2:6,LW,10,0:1,Right-footed shot
232,233,11/12,LaLiga,17,A,Real Madrid,Sevilla FC,2:6,LW,41,0:3,Right-footed shot
233,234,11/12,LaLiga,17,A,Real Madrid,Sevilla FC,2:6,LW,86,1:5,Penalty
234,235,11/12,LaLiga,18,H,Real Madrid,Granada CF,5:1,LW,89,5:1,Right-footed shot
235,236,11/12,Copa del Rey,Quarter-Finals,H,Real Madrid,FC Barcelona,1:2,LW,11,1:0,Left-footed shot
236,237,11/12,LaLiga,1,H,Real Madrid,Athletic Bilbao,4:1,LW,46,2:1,Penalty
237,238,11/12,LaLiga,1,H,Real Madrid,Athletic Bilbao,4:1,LW,67,3:1,Penalty
238,239,11/12,Copa del Rey,Quarter-Finals,A,Real Madrid,FC Barcelona,2:2,LW,68,2:1,Right-footed shot
239,240,11/12,LaLiga,21,H,Real Madrid,Real Zaragoza,3:1,LW,48,2:1,Right-footed shot
240,241,11/12,LaLiga,23,H,Real Madrid,Levante UD,4:2,LW,45,1:1,Penalty
241,242,11/12,LaLiga,23,H,Real Madrid,Levante UD,4:2,LW,50,2:1,Header
242,243,11/12,LaLiga,23,H,Real Madrid,Levante UD,4:2,LW,57,3:1,Right-footed shot
243,244,11/12,LaLiga,24,H,Real Madrid,Racing Santander,4:0,LW,6,1:0,Header
244,245,11/12,UEFA Champions League,last 16,A,Real Madrid,CSKA Moscow,1:1,LW,28,0:1,Left-footed shot
245,246,11/12,LaLiga,25,A,Real Madrid,Rayo Vallecano,0:1,LW,53,0:1,Right-footed shot
246,247,11/12,LaLiga,26,H,Real Madrid,RCD Espanyol Barcelona,5:0,LW,23,1:0,Left-footed shot
247,248,11/12,LaLiga,27,A,Real Madrid,Real Betis Balompia,2:3,LW,52,1:2,Left-footed shot
248,249,11/12,LaLiga,27,A,Real Madrid,Real Betis Balompia,2:3,LW,73,2:3,Left-footed shot
249,250,11/12,UEFA Champions League,last 16,H,Real Madrid,CSKA Moscow,4:1,LW,55,2:0,Right-footed shot
250,251,11/12,UEFA Champions League,last 16,H,Real Madrid,CSKA Moscow,4:1,LW,90+4,4:1,Right-footed shot
251,252,11/12,LaLiga,29,A,Real Madrid,Villarreal CF,1:1,LW,61,0:1,Right-footed shot
252,253,11/12,LaLiga,30,H,Real Madrid,Real Sociedad,5:1,LW,32,2:0,Right-footed shot
253,254,11/12,LaLiga,30,H,Real Madrid,Real Sociedad,5:1,LW,55,5:1,Right-footed shot
254,255,11/12,LaLiga,31,A,Real Madrid,CA Osasuna,1:5,LW,37,0:2,Long distance kick
255,256,11/12,LaLiga,31,A,Real Madrid,CA Osasuna,1:5,LW,70,1:4,Direct free kick
256,257,11/12,UEFA Champions League,Quarter-Finals,H,Real Madrid,APOEL Nicosia,5:2,LW,26,1:0,Right-footed shot
257,258,11/12,UEFA Champions League,Quarter-Finals,H,Real Madrid,APOEL Nicosia,5:2,LW,75,3:1,Direct free kick
258,259,11/12,LaLiga,33,A,Real Madrid,Atlatico de Madrid,1:4,LW,24,0:1,Direct free kick
259,260,11/12,LaLiga,33,A,Real Madrid,Atlatico de Madrid,1:4,LW,67,1:2,Long distance kick
260,261,11/12,LaLiga,33,A,Real Madrid,Atlatico de Madrid,1:4,LW,82,1:3,Penalty
261,262,11/12,LaLiga,34,H,Real Madrid,Sporting Gijan,3:1,LW,74,2:1,Header
262,263,11/12,LaLiga,35,A,Real Madrid,FC Barcelona,1:2,LW,73,1:2,Right-footed shot
263,264,11/12,UEFA Champions League,Semi-Finals,H,Real Madrid,Bayern Munich,3:4 on pens,LW,6,1:0,Penalty
264,265,11/12,UEFA Champions League,Semi-Finals,H,Real Madrid,Bayern Munich,3:4 on pens,LW,14,2:0,Right-footed shot
265,266,11/12,LaLiga,36,H,Real Madrid,Sevilla FC,3:0,LW,19,1:0,Right-footed shot
266,267,11/12,LaLiga,20,A,Real Madrid,Athletic Bilbao,0:3,LW,49,0:3,Header
267,268,11/12,LaLiga,37,A,Real Madrid,Granada CF,1:2,LW,81,1:1,Penalty
268,269,11/12,LaLiga,38,H,Real Madrid,RCD Mallorca,4:1,LW,18,1:0,Header
269,270,12/13,Supercopa,final,A,Real Madrid,FC Barcelona,3:2,LW,55,0:1,Header
270,271,12/13,Supercopa,final,H,Real Madrid,FC Barcelona,2:1,LW,19,2:0,Right-footed shot
271,272,12/13,LaLiga,3,H,Real Madrid,Granada CF,3:0,LW,25,1:0,Right-footed shot
272,273,12/13,LaLiga,3,H,Real Madrid,Granada CF,3:0,LW,53,2:0,Left-footed shot
273,274,12/13,UEFA Champions League,Group Stage,H,Real Madrid,Manchester City,3:2,LW,90,3:2,Right-footed shot
274,275,12/13,LaLiga,5,A,Real Madrid,Rayo Vallecano,0:2,LW,69,0:2,Penalty
275,276,12/13,LaLiga,6,H,Real Madrid,Deportivo de La CoruÃ±a,5:1,LW,23,1:1,Penalty
276,277,12/13,LaLiga,6,H,Real Madrid,Deportivo de La CoruÃ±a,5:1,LW,44,3:1,Header
277,278,12/13,LaLiga,6,H,Real Madrid,Deportivo de La CoruÃ±a,5:1,LW,84,5:1,Penalty
278,279,12/13,UEFA Champions League,Group Stage,A,Real Madrid,Ajax Amsterdam,1:4,LW,42,0:1,Right-footed shot
279,280,12/13,UEFA Champions League,Group Stage,A,Real Madrid,Ajax Amsterdam,1:4,LW,79,1:3,Right-footed shot
280,281,12/13,UEFA Champions League,Group Stage,A,Real Madrid,Ajax Amsterdam,1:4,LW,81,1:4,Left-footed shot
281,282,12/13,LaLiga,7,A,Real Madrid,FC Barcelona,2:2,LW,22,0:1,Left-footed shot
282,283,12/13,LaLiga,7,A,Real Madrid,FC Barcelona,2:2,LW,66,2:2,Right-footed shot
283,284,12/13,LaLiga,8,H,Real Madrid,Celta de Vigo,2:0,LW,67,2:0,Penalty
284,285,12/13,UEFA Champions League,Group Stage,A,Real Madrid,Borussia Dortmund,2:1,LW,38,1:1,Right-footed shot
285,286,12/13,LaLiga,9,A,Real Madrid,RCD Mallorca,0:5,LW,22,0:2,Right-footed shot
286,287,12/13,LaLiga,9,A,Real Madrid,RCD Mallorca,0:5,LW,73,0:4,Right-footed shot
287,288,12/13,LaLiga,11,A,Real Madrid,Levante UD,1:2,CF,20,0:1,Right-footed shot
288,289,12/13,LaLiga,14,H,Real Madrid,Atlatico de Madrid,2:0,LW,16,1:0,Direct free kick
289,290,12/13,UEFA Champions League,Group Stage,H,Real Madrid,Ajax Amsterdam,4:1,LW,13,1:0,Right-footed shot
290,291,12/13,Copa del Rey,last 16,A,Real Madrid,Celta de Vigo,2:1,LW,87,2:1,Left-footed shot
291,292,12/13,LaLiga,16,H,Real Madrid,RCD Espanyol Barcelona,2:2,CF,45,1:1,Right-footed shot
292,293,12/13,LaLiga,18,H,Real Madrid,Real Sociedad,4:3,LW ,67,3:2,Left-footed shot
293,294,12/13,LaLiga,18,H,Real Madrid,Real Sociedad,4:3,LW ,70,4:2,Direct free kick
294,295,12/13,Copa del Rey,last 16,H,Real Madrid,Celta de Vigo,4:0,LW,2,1:0,Right-footed shot
295,296,12/13,Copa del Rey,last 16,H,Real Madrid,Celta de Vigo,4:0,LW,24,2:0,Left-footed shot
296,297,12/13,Copa del Rey,last 16,H,Real Madrid,Celta de Vigo,4:0,LW,87,3:0,Left-footed shot
297,298,12/13,LaLiga,20,A,Real Madrid,Valencia CF,0:5,LW,35,0:3,Left-footed shot
298,299,12/13,LaLiga,20,A,Real Madrid,Valencia CF,0:5,LW,41,0:4,Right-footed shot
299,300,12/13,LaLiga,21,H,Real Madrid,Getafe CF,4:0,LW,62,2:0,Left-footed shot
300,301,12/13,LaLiga,21,H,Real Madrid,Getafe CF,4:0,LW,65,3:0,Header
301,302,12/13,LaLiga,21,H,Real Madrid,Getafe CF,4:0,LW,72,4:0,Penalty
302,303,12/13,LaLiga,23,H,Real Madrid,Sevilla FC,4:1,LW,26,2:0,Left-footed shot
303,304,12/13,LaLiga,23,H,Real Madrid,Sevilla FC,4:1,LW,46,3:0,Left-footed shot
304,305,12/13,LaLiga,23,H,Real Madrid,Sevilla FC,4:1,LW,59,4:0,Right-footed shot
305,306,12/13,UEFA Champions League,last 16,H,Real Madrid,Manchester United,1:1,LW,30,1:1,Header
306,307,12/13,Copa del Rey,Semi-Finals,A,Real Madrid,FC Barcelona,1:3,LW,12,0:1,Penalty
307,308,12/13,Copa del Rey,Semi-Finals,A,Real Madrid,FC Barcelona,1:3,LW,57,0:2,Left-footed shot
308,309,12/13,UEFA Champions League,last 16,A,Real Madrid,Manchester United,1:2,LW,69,1:2,Right-footed shot
309,310,12/13,LaLiga,27,A,Real Madrid,Celta de Vigo,1:2,LW,61,0:1,Left-footed shot
310,311,12/13,LaLiga,27,A,Real Madrid,Celta de Vigo,1:2,LW,71,1:2,Penalty
311,312,12/13,LaLiga,28,H,Real Madrid,RCD Mallorca,5:2,LW,52,2:2,Header
312,313,12/13,LaLiga,29,A,Real Madrid,Real Zaragoza,1:1,LW,38,1:1,Long distance kick
313,314,12/13,UEFA Champions League,Quarter-Finals,H,Real Madrid,Galatasaray A.S.,3:0,LW,9,1:0,Left-footed shot
314,315,12/13,LaLiga,30,H,Real Madrid,Levante UD,5:1,CF,84,3:1,Right-footed shot
315,316,12/13,UEFA Champions League,Quarter-Finals,A,Real Madrid,Galatasaray A.S.,3:2,LW,8,0:1,Right-footed shot
316,317,12/13,UEFA Champions League,Quarter-Finals,A,Real Madrid,Galatasaray A.S.,3:2,LW,90+2,3:2,Right-footed shot
317,318,12/13,LaLiga,31,A,Real Madrid,Athletic Bilbao,0:3,LW,2,0:1,Direct free kick
318,319,12/13,LaLiga,31,A,Real Madrid,Athletic Bilbao,0:3,LW,68,0:2,Header
319,320,12/13,UEFA Champions League,Semi-Finals,A,Real Madrid,Borussia Dortmund,4:1,LW,43,1:1,Right-footed shot
320,321,12/13,LaLiga,34,H,Real Madrid,Real Valladolid CF,4:3,LW,32,2:1,Header
321,322,12/13,LaLiga,34,H,Real Madrid,Real Valladolid CF,4:3,LW,70,4:2,Header
322,323,12/13,LaLiga,36,H,Real Madrid,Malaga CF,6:2,LW ,26,2:1,Right-footed shot
323,324,12/13,Copa del Rey,Final,A,Real Madrid,Atlatico de Madrid,2:1 AET,LW,14,0:1,Header
324,325,13/14,LaLiga,3,H,Real Madrid,Athletic Bilbao,3:1,LW,45,2:0,Header
325,326,13/14,LaLiga,4,A,Real Madrid,Villarreal CF,2:2,LW,64,1:2,Right-footed shot
326,327,13/14,UEFA Champions League,Group Stage,A,Real Madrid,Galatasaray A.S.,1:6,LW,63,0:3,Left-footed shot
327,328,13/14,UEFA Champions League,Group Stage,A,Real Madrid,Galatasaray A.S.,1:6,LW,66,0:4,Tap-in
328,329,13/14,UEFA Champions League,Group Stage,A,Real Madrid,Galatasaray A.S.,1:6,LW,90,1:6,Left-footed shot
329,330,13/14,LaLiga,5,H,Real Madrid,Getafe CF,4:1,LW,34,2:1,Penalty
330,331,13/14,LaLiga,5,H,Real Madrid,Getafe CF,4:1,LW,90,4:1,Right-footed shot
331,332,13/14,LaLiga,6,A,Real Madrid,Elche CF,1:2,LW,51,0:1,Direct free kick
332,333,13/14,LaLiga,6,A,Real Madrid,Elche CF,1:2,LW,90+6,1:2,Penalty
333,334,13/14,UEFA Champions League,Group Stage,H,Real Madrid,FC Copenhagen,4:0,LW,21,1:0,Header
334,335,13/14,UEFA Champions League,Group Stage,H,Real Madrid,FC Copenhagen,4:0,LW,65,2:0,Header
335,336,13/14,LaLiga,8,A,Real Madrid,Levante UD,2:3,LW,90+4,2:3,Right-footed shot
336,337,13/14,LaLiga,9,H,Real Madrid,Malaga CF,2:0,LW,90+1,2:0,Penalty
337,338,13/14,UEFA Champions League,Group Stage,H,Real Madrid,Juventus FC,2:1,LW,4,1:0,Right-footed shot
338,339,13/14,UEFA Champions League,Group Stage,H,Real Madrid,Juventus FC,2:1,LW,29,2:1,Penalty
339,340,13/14,LaLiga,11,H,Real Madrid,Sevilla FC,7:3,LW,31,3:0,Penalty
340,341,13/14,LaLiga,11,H,Real Madrid,Sevilla FC,7:3,LW,60,5:2,Right-footed shot
341,342,13/14,LaLiga,11,H,Real Madrid,Sevilla FC,7:3,LW,71,6:3,Right-footed shot
342,343,13/14,LaLiga,12,A,Real Madrid,Rayo Vallecano,2:3,LW,3,0:1,Right-footed shot
343,344,13/14,LaLiga,12,A,Real Madrid,Rayo Vallecano,2:3,LW,48,0:3,Right-footed shot
344,345,13/14,UEFA Champions League,Group Stage,A,Real Madrid,Juventus FC,2:2,LW,52,1:1,Right-footed shot
345,346,13/14,LaLiga,13,H,Real Madrid,Real Sociedad,5:1,LW,12,1:0,Right-footed shot
346,347,13/14,LaLiga,13,H,Real Madrid,Real Sociedad,5:1,LW,27,3:0,Penalty
347,348,13/14,LaLiga,13,H,Real Madrid,Real Sociedad,5:1,LW,76,5:1,Direct free kick
348,349,13/14,LaLiga,14,A,Real Madrid,UD AlmerÃ­a,0:5,LW,3,0:1,Left-footed shot
349,350,13/14,UEFA Champions League,Group Stage,A,Real Madrid,FC Copenhagen,0:2,LW,48,0:2,Right-footed shot
350,351,13/14,LaLiga,17,A,Real Madrid,Valencia CF,2:3,LW,40,1:2,Header
351,352,13/14,LaLiga,18,H,Real Madrid,Celta de Vigo,3:0,LW,82,2:0,Right-footed shot
352,353,13/14,LaLiga,18,H,Real Madrid,Celta de Vigo,3:0,LW,90,3:0,Right-footed shot
353,354,13/14,Copa del Rey,last 16,A,Real Madrid,CA Osasuna,0:2,LW,22,0:1,Direct free kick
354,355,13/14,LaLiga,20,A,Real Madrid,Real Betis Balompia,0:5,LW,10,0:1,Right-footed shot
355,356,13/14,LaLiga,21,H,Real Madrid,Granada CF,2:0,LW,57,1:0,Right-footed shot
356,357,13/14,Copa del Rey,Semi-Finals,A,Real Madrid,Atlatico de Madrid,0:2,LW,6,0:1,Penalty
357,358,13/14,Copa del Rey,Semi-Finals,A,Real Madrid,Atlatico de Madrid,0:2,LW,15,0:2,Penalty
358,359,13/14,UEFA Champions League,last 16,A,Real Madrid,FC Schalke 4,1:6,LW,52,0:3,Left-footed shot
359,360,13/14,UEFA Champions League,last 16,A,Real Madrid,FC Schalke 4,1:6,LW,89,0:6,Right-footed shot
360,361,13/14,LaLiga,26,A,Real Madrid,Atlatico de Madrid,2:2,LW,82,2:2,Right-footed shot
361,362,13/14,LaLiga,27,H,Real Madrid,Levante UD,3:0,LW,11,1:0,Header
362,363,13/14,LaLiga,28,A,Real Madrid,Malaga CF,0:1,LW,23,0:1,Right-footed shot
363,364,13/14,UEFA Champions League,last 16,H,Real Madrid,FC Schalke 4,3:1,LW,22,1:0,Right-footed shot
364,365,13/14,UEFA Champions League,last 16,H,Real Madrid,FC Schalke 4,3:1,LW,74,2:1,Right-footed shot
365,366,13/14,LaLiga,29,H,Real Madrid,FC Barcelona,3:4,LW,55,3:2,Penalty
366,367,13/14,LaLiga,30,A,Real Madrid,Sevilla FC,2:1,LW,14,0:1,Direct free kick
367,368,13/14,LaLiga,31,H,Real Madrid,Rayo Vallecano,5:0,LW,15,1:0,Right-footed shot
368,369,13/14,UEFA Champions League,Quarter-Finals,H,Real Madrid,Borussia Dortmund,3:0,LW,57,3:0,Left-footed shot
369,370,13/14,LaLiga,35,H,Real Madrid,CA Osasuna,4:0,LW,6,1:0,Long distance kick
370,371,13/14,LaLiga,35,H,Real Madrid,CA Osasuna,4:0,LW,52,2:0,Long distance kick
371,372,13/14,UEFA Champions League,Semi-Finals,A,Real Madrid,Bayern Munich,0:4,LW,34,0:3,Counter attack goal
372,373,13/14,UEFA Champions League,Semi-Finals,A,Real Madrid,Bayern Munich,0:4,LW,90,0:4,Direct free kick
373,374,13/14,LaLiga,36,H,Real Madrid,Valencia CF,2:2,LW,90,2:2,Right-footed shot
374,375,13/14,UEFA Champions League,Final,H,Real Madrid,Atlatico de Madrid,4:1 AET,LW,120,4:1,Penalty
375,376,14/15,UEFA Super Cup,Final,H,Real Madrid,Sevilla FC,2:0,LW,30,1:0,Right-footed shot
376,377,14/15,UEFA Super Cup,Final,H,Real Madrid,Sevilla FC,2:0,LW,49,2:0,Left-footed shot
377,378,14/15,LaLiga,1,H,Real Madrid,Cardoba CF,2:0,LW,90,2:0,Right-footed shot
378,379,14/15,LaLiga,3,H,Real Madrid,Atlatico de Madrid,1:2,LW,25,1:1,Penalty
379,380,14/15,UEFA Champions League,Group Stage,H,Real Madrid,FC Basel 1893,5:1,LW,31,3:0,Right-footed shot
380,381,14/15,LaLiga,4,A,Real Madrid,Deportivo de La CoruÃ±a,2:8,RW,29,0:1,Header
381,382,14/15,LaLiga,4,A,Real Madrid,Deportivo de La CoruÃ±a,2:8,RW,41,0:3,Left-footed shot
382,383,14/15,LaLiga,4,A,Real Madrid,Deportivo de La CoruÃ±a,2:8,RW,78,1:6,Left-footed shot
383,384,14/15,LaLiga,5,H,Real Madrid,Elche CF,5:1,CF,28,2:1,Penalty
384,385,14/15,LaLiga,5,H,Real Madrid,Elche CF,5:1,CF,32,3:1,Header
385,386,14/15,LaLiga,5,H,Real Madrid,Elche CF,5:1,CF,80,4:1,Penalty
386,387,14/15,LaLiga,5,H,Real Madrid,Elche CF,5:1,CF,90,5:1,Right-footed shot
387,388,14/15,LaLiga,6,A,Real Madrid,Villarreal CF,0:2,CF,40,0:2,Right-footed shot
388,389,14/15,UEFA Champions League,Group Stage,A,Real Madrid,Ludogorets Razgrad,1:2,CF,25,1:1,Penalty
389,390,14/15,LaLiga,7,H,Real Madrid,Athletic Bilbao,5:0,LW,3,1:0,Header
390,391,14/15,LaLiga,7,H,Real Madrid,Athletic Bilbao,5:0,LW,55,3:0,Right-footed shot
391,392,14/15,LaLiga,7,H,Real Madrid,Athletic Bilbao,5:0,LW,89,5:0,Deflected shot on goal
392,393,14/15,LaLiga,8,A,Real Madrid,Levante UD,0:5,CF,13,0:1,Penalty
393,394,14/15,LaLiga,8,A,Real Madrid,Levante UD,0:5,CF,61,0:3,Right-footed shot
394,395,14/15,UEFA Champions League,Group Stage,A,Real Madrid,Liverpool FC,0:3,CF,23,0:1,Right-footed shot
395,396,14/15,LaLiga,9,H,Real Madrid,FC Barcelona,3:1,CF,35,1:1,Penalty
396,397,14/15,LaLiga,10,A,Real Madrid,Granada CF,0:4,CF,2,0:1,Right-footed shot
397,398,14/15,LaLiga,11,H,Real Madrid,Rayo Vallecano,5:1,CF,83,5:1,Right-footed shot
398,399,14/15,LaLiga,12,A,Real Madrid,SD Eibar,0:4,CF,43,0:2,Right-footed shot
399,400,14/15,LaLiga,12,A,Real Madrid,SD Eibar,0:4,CF,83,0:4,Penalty
400,401,14/15,UEFA Champions League,Group Stage,A,Real Madrid,FC Basel 1893,0:1,LW,35,0:1,Left-footed shot
401,402,14/15,LaLiga,14,H,Real Madrid,Celta de Vigo,3:0,CF,36,1:0,Penalty
402,403,14/15,LaLiga,14,H,Real Madrid,Celta de Vigo,3:0,CF,65,2:0,Right-footed shot
403,404,14/15,LaLiga,14,H,Real Madrid,Celta de Vigo,3:0,CF,81,3:0,Left-footed shot
404,405,14/15,UEFA Champions League,Group Stage,H,Real Madrid,Ludogorets Razgrad,4:0,CF ,20,1:0,Penalty
405,406,14/15,LaLiga,15,A,Real Madrid,UD AlmerÃ­a,1:4,CF,81,1:3,Right-footed shot
406,407,14/15,LaLiga,15,A,Real Madrid,UD AlmerÃ­a,1:4,CF,89,1:4,Right-footed shot
407,408,14/15,LaLiga,17,A,Real Madrid,Valencia CF,2:1,LW,14,0:1,Penalty
408,409,14/15,Copa del Rey,last 16,H,Real Madrid,Atlatico de Madrid,2:2,CF,54,2:2,Header
409,410,14/15,LaLiga,19,A,Real Madrid,Getafe CF,0:3,LW,63,0:1,Left-footed shot
410,411,14/15,LaLiga,19,A,Real Madrid,Getafe CF,0:3,LW,79,0:3,Header
411,412,14/15,UEFA Champions League,last 16,A,Real Madrid,FC Schalke 4,0:2,LW,26,0:1,Header
412,413,14/15,LaLiga,24,A,Real Madrid,Elche CF,0:2,CF,69,0:2,Header
413,414,14/15,LaLiga,25,H,Real Madrid,Villarreal CF,1:1,CF,52,1:0,Penalty
414,415,14/15,UEFA Champions League,last 16,H,Real Madrid,FC Schalke 4,3:4,CF,25,1:1,Header
415,416,14/15,UEFA Champions League,last 16,H,Real Madrid,FC Schalke 4,3:4,CF,45,2:2,Header
416,417,14/15,LaLiga,28,A,Real Madrid,FC Barcelona,2:1,LW,31,1:1,Right-footed shot
417,418,14/15,LaLiga,29,H,Real Madrid,Granada CF,9:1,CF,30,2:0,Right-footed shot
418,419,14/15,LaLiga,29,H,Real Madrid,Granada CF,9:1,CF,36,3:0,Right-footed shot
419,420,14/15,LaLiga,29,H,Real Madrid,Granada CF,9:1,CF,38,4:0,Long distance kick
420,421,14/15,LaLiga,29,H,Real Madrid,Granada CF,9:1,CF,54,6:0,Header
421,422,14/15,LaLiga,29,H,Real Madrid,Granada CF,9:1,CF,90,9:1,Header
422,423,14/15,LaLiga,30,A,Real Madrid,Rayo Vallecano,0:2,LW,68,0:1,Header
423,424,14/15,LaLiga,31,H,Real Madrid,SD Eibar,3:0,LW,21,1:0,Direct free kick
424,425,14/15,LaLiga,32,H,Real Madrid,Malaga CF,3:1,CF,90+2,3:1,Left-footed shot
425,426,14/15,LaLiga,35,A,Real Madrid,Sevilla FC,2:3,CF,36,0:1,Header
426,427,14/15,LaLiga,35,A,Real Madrid,Sevilla FC,2:3,CF,37,0:2,Right-footed shot
427,428,14/15,LaLiga,35,A,Real Madrid,Sevilla FC,2:3,CF,69,1:3,Header
428,429,14/15,UEFA Champions League,Semi-Finals,A,Real Madrid,Juventus FC,2:1,CF,27,1:1,Header
429,430,14/15,UEFA Champions League,Semi-Finals,H,Real Madrid,Juventus FC,1:1,LW,23,1:0,Penalty
430,431,14/15,LaLiga,37,A,Real Madrid,RCD Espanyol Barcelona,1:4,LW,59,0:1,Left-footed shot
431,432,14/15,LaLiga,37,A,Real Madrid,RCD Espanyol Barcelona,1:4,LW,83,1:3,Right-footed shot
432,433,14/15,LaLiga,37,A,Real Madrid,RCD Espanyol Barcelona,1:4,LW,90+1,1:4,Header
433,434,14/15,LaLiga,38,H,Real Madrid,Getafe CF,7:3,LW,13,1:0,Header
434,435,14/15,LaLiga,38,H,Real Madrid,Getafe CF,7:3,LW,32,2:2,Direct free kick
435,436,14/15,LaLiga,38,H,Real Madrid,Getafe CF,7:3,LW,34,3:2,Penalty
436,437,15/16,LaLiga,3,A,Real Madrid,RCD Espanyol Barcelona,0:6,LW,7,0:1,Right-footed shot
437,438,15/16,LaLiga,3,A,Real Madrid,RCD Espanyol Barcelona,0:6,LW,17,0:2,Penalty
438,439,15/16,LaLiga,3,A,Real Madrid,RCD Espanyol Barcelona,0:6,LW,20,0:3,Left-footed shot
439,440,15/16,LaLiga,3,A,Real Madrid,RCD Espanyol Barcelona,0:6,LW,62,0:5,Right-footed shot
440,441,15/16,LaLiga,3,A,Real Madrid,RCD Espanyol Barcelona,0:6,LW,81,0:6,Right-footed shot
441,442,15/16,UEFA Champions League,Group Stage,H,Real Madrid,Shakhtar Donetsk,4:0,LW,56,2:0,Penalty
442,443,15/16,UEFA Champions League,Group Stage,H,Real Madrid,Shakhtar Donetsk,4:0,LW,64,3:0,Penalty
443,444,15/16,UEFA Champions League,Group Stage,H,Real Madrid,Shakhtar Donetsk,4:0,LW,82,4:0,Header
444,445,15/16,UEFA Champions League,Group Stage,A,Real Madrid,Malmo FF,0:2,LW ,29,0:1,Right-footed shot
445,446,15/16,UEFA Champions League,Group Stage,A,Real Madrid,Malmo FF,0:2,LW ,90,0:2,Left-footed shot
446,447,15/16,LaLiga,8,H,Real Madrid,Levante UD,3:0,CF,30,2:0,Right-footed shot
447,448,15/16,LaLiga,9,A,Real Madrid,Celta de Vigo,1:3,CF,8,0:1,Right-footed shot
448,449,15/16,LaLiga,10,H,Real Madrid,UD Las Palmas,3:1,CF,14,2:0,Header
449,450,15/16,UEFA Champions League,Group Stage,A,Real Madrid,Shakhtar Donetsk,3:4,CF,18,0:1,Header
450,451,15/16,UEFA Champions League,Group Stage,A,Real Madrid,Shakhtar Donetsk,3:4,CF,70,0:4,Right-footed shot
451,452,15/16,LaLiga,13,A,Real Madrid,SD Eibar,0:2,CF,82,0:2,Penalty
452,453,15/16,LaLiga,14,H,Real Madrid,Getafe CF,4:1,LW,38,4:0,Right-footed shot
453,454,15/16,UEFA Champions League,Group Stage,H,Real Madrid,Malmo FF,8:0,LW,39,3:0,Direct free kick
454,455,15/16,UEFA Champions League,Group Stage,H,Real Madrid,Malmo FF,8:0,LW,47,4:0,Tap-in
455,456,15/16,UEFA Champions League,Group Stage,H,Real Madrid,Malmo FF,8:0,LW,50,5:0,Right-footed shot
456,457,15/16,UEFA Champions League,Group Stage,H,Real Madrid,Malmo FF,8:0,LW,59,6:0,Right-footed shot
457,458,15/16,LaLiga,16,H,Real Madrid,Rayo Vallecano,10:2,LW,30,3:2,Penalty
458,459,15/16,LaLiga,16,H,Real Madrid,Rayo Vallecano,10:2,LW,54,6:2,Header
459,460,15/16,LaLiga,17,H,Real Madrid,Real Sociedad,3:1,LW,42,1:0,Penalty
460,461,15/16,LaLiga,17,H,Real Madrid,Real Sociedad,3:1,LW,68,2:1,Left-footed shot
461,462,15/16,LaLiga,20,H,Real Madrid,Sporting Gijan,5:1,LW,9,2:0,Left-footed shot
462,463,15/16,LaLiga,20,H,Real Madrid,Sporting Gijan,5:1,LW,18,4:0,Left-footed shot
463,464,15/16,LaLiga,22,H,Real Madrid,RCD Espanyol Barcelona,6:0,LW,12,2:0,Penalty
464,465,15/16,LaLiga,22,H,Real Madrid,RCD Espanyol Barcelona,6:0,LW,45,4:0,Left-footed shot
465,466,15/16,LaLiga,22,H,Real Madrid,RCD Espanyol Barcelona,6:0,LW,82,5:0,Header
466,467,15/16,LaLiga,24,H,Real Madrid,Athletic Bilbao,4:2,LW,3,1:0,Right-footed shot
467,468,15/16,LaLiga,24,H,Real Madrid,Athletic Bilbao,4:2,LW,87,4:1,Right-footed shot
468,469,15/16,UEFA Champions League,last 16,A,Real Madrid,AS Roma,0:2,LW,57,0:1,Right-footed shot
469,470,15/16,LaLiga,25,A,Real Madrid,Malaga CF,1:1,LW,33,0:1,Header
470,471,15/16,LaLiga,27,A,Real Madrid,Levante UD,1:3,LW,34,0:1,Penalty
471,472,15/16,LaLiga,28,H,Real Madrid,Celta de Vigo,7:1,LW,50,2:0,Long distance kick
472,473,15/16,LaLiga,28,H,Real Madrid,Celta de Vigo,7:1,LW,58,3:0,Direct free kick
473,474,15/16,LaLiga,28,H,Real Madrid,Celta de Vigo,7:1,LW,64,4:1,Right-footed shot
474,475,15/16,LaLiga,28,H,Real Madrid,Celta de Vigo,7:1,LW,76,5:1,Header
475,476,15/16,UEFA Champions League,last 16,H,Real Madrid,AS Roma,2:0,CF,64,1:0,Right-footed shot
476,477,15/16,LaLiga,30,H,Real Madrid,Sevilla FC,4:0,LW,64,2:0,Left-footed shot
477,478,15/16,LaLiga,31,A,Real Madrid,FC Barcelona,1:2,LW,85,1:2,Right-footed shot
478,479,15/16,LaLiga,32,H,Real Madrid,SD Eibar,4:0,CF,19,3:0,Right-footed shot
479,480,15/16,UEFA Champions League,Quarter-Finals,H,Real Madrid,VfL Wolfsburg,3:0,LW,16,1:0,Right-footed shot
480,481,15/16,UEFA Champions League,Quarter-Finals,H,Real Madrid,VfL Wolfsburg,3:0,LW,17,2:0,Header
481,482,15/16,UEFA Champions League,Quarter-Finals,H,Real Madrid,VfL Wolfsburg,3:0,LW,77,3:0,Direct free kick
482,483,15/16,LaLiga,33,A,Real Madrid,Getafe CF,1:5,LW,90+2,1:5,Left-footed shot
483,484,15/16,LaLiga,37,H,Real Madrid,Valencia CF,3:2,LW,26,1:0,Right-footed shot
484,485,15/16,LaLiga,37,H,Real Madrid,Valencia CF,3:2,LW,59,3:1,Left-footed shot
485,486,15/16,LaLiga,38,A,Real Madrid,Deportivo de La CoruÃ±a,0:2,LW,8,0:1,Left-footed shot
486,487,15/16,LaLiga,38,A,Real Madrid,Deportivo de La CoruÃ±a,0:2,LW,25,0:2,Header
487,488,16/17,LaLiga,3,H,Real Madrid,CA Osasuna,5:2,LW,6,1:0,Right-footed shot
488,489,16/17,UEFA Champions League,Group Stage,H,Real Madrid,Sporting CP,2:1,LW,89,1:1,Direct free kick
489,490,16/17,UEFA Champions League,Group Stage,A,Real Madrid,Borussia Dortmund,2:2,LW,17,0:1,Right-footed shot
490,491,16/17,LaLiga,8,A,Real Madrid,Real Betis Balompia,1:6,LW,78,1:6,Right-footed shot
491,492,16/17,LaLiga,10,A,Real Madrid,Deportivo Alavas,1:4,LW,17,1:1,Penalty
492,493,16/17,LaLiga,10,A,Real Madrid,Deportivo Alavas,1:4,LW,33,1:2,Right-footed shot
493,494,16/17,LaLiga,10,A,Real Madrid,Deportivo Alavas,1:4,LW,88,1:4,Right-footed shot
494,495,16/17,LaLiga,12,A,Real Madrid,Atlatico de Madrid,0:3,CF,23,0:1,Direct free kick
495,496,16/17,LaLiga,12,A,Real Madrid,Atlatico de Madrid,0:3,CF,71,0:2,Penalty
496,497,16/17,LaLiga,12,A,Real Madrid,Atlatico de Madrid,0:3,CF,77,0:3,Right-footed shot
497,498,16/17,LaLiga,13,H,Real Madrid,Sporting Gijan,2:1,LW,5,1:0,Penalty
498,499,16/17,LaLiga,13,H,Real Madrid,Sporting Gijan,2:1,LW,18,2:0,Header
499,500,16/17,FIFA Club World Cup,Semi-Finals,A,Real Madrid,CF Amarica,0:2,LW,90+3,0:2,Right-footed shot
500,501,16/17,FIFA Club World Cup,Final,H,Real Madrid,Kashima Antlers,4:2 AET,LW,60,2:2,Penalty
501,502,16/17,FIFA Club World Cup,Final,H,Real Madrid,Kashima Antlers,4:2 AET,LW,97,3:2,Left-footed shot
502,503,16/17,FIFA Club World Cup,Final,H,Real Madrid,Kashima Antlers,4:2 AET,LW,14,4:2,Left-footed shot
503,504,16/17,LaLiga,17,H,Real Madrid,Granada CF,5:0,LW,27,3:0,Header
504,505,16/17,LaLiga,18,A,Real Madrid,Sevilla FC,2:1,CF,67,0:1,Penalty
505,506,16/17,Copa del Rey,Quarter-Finals,A,Real Madrid,Celta de Vigo,2:2,CF,62,1:1,Direct free kick
506,507,16/17,LaLiga,20,H,Real Madrid,Real Sociedad,3:0,LW,51,2:0,Right-footed shot
507,508,16/17,LaLiga,22,A,Real Madrid,CA Osasuna,1:3,CF,24,0:1,Right-footed shot
508,509,16/17,LaLiga,16,A,Real Madrid,Valencia CF,2:1,LW,44,2:1,Header
509,510,16/17,LaLiga,24,A,Real Madrid,Villarreal CF,2:3,LW,74,2:2,Penalty
510,511,16/17,LaLiga,25,H,Real Madrid,UD Las Palmas,3:3,LW,86,2:3,Penalty
511,512,16/17,LaLiga,25,H,Real Madrid,UD Las Palmas,3:3,LW,89,3:3,Header
512,513,16/17,LaLiga,27,H,Real Madrid,Real Betis Balompia,2:1,LW,41,1:1,Header
513,514,16/17,UEFA Champions League,Quarter-Finals,A,Real Madrid,Bayern Munich,1:2,LW,47,1:1,Right-footed shot
514,515,16/17,UEFA Champions League,Quarter-Finals,A,Real Madrid,Bayern Munich,1:2,LW,77,1:2,Right-footed shot
515,516,16/17,UEFA Champions League,Quarter-Finals,H,Real Madrid,Bayern Munich,4:2 AET,CF,76,1:1,Header
516,517,16/17,UEFA Champions League,Quarter-Finals,H,Real Madrid,Bayern Munich,4:2 AET,CF,15,2:2,Left-footed shot
517,518,16/17,UEFA Champions League,Quarter-Finals,H,Real Madrid,Bayern Munich,4:2 AET,CF,19,3:2,Right-footed shot
518,519,16/17,LaLiga,35,H,Real Madrid,Valencia CF,2:1,LW,27,1:0,Header
519,520,16/17,UEFA Champions League,Semi-Finals,H,Real Madrid,Atlatico de Madrid,3:0,CF,10,1:0,Header
520,521,16/17,UEFA Champions League,Semi-Finals,H,Real Madrid,Atlatico de Madrid,3:0,CF,73,2:0,Right-footed shot
521,522,16/17,UEFA Champions League,Semi-Finals,H,Real Madrid,Atlatico de Madrid,3:0,CF,86,3:0,Right-footed shot
522,523,16/17,LaLiga,37,H,Real Madrid,Sevilla FC,4:1,LW,23,2:0,Right-footed shot
523,524,16/17,LaLiga,37,H,Real Madrid,Sevilla FC,4:1,LW,78,3:1,Left-footed shot
524,525,16/17,LaLiga,21,A,Real Madrid,Celta de Vigo,1:4,CF,10,0:1,Left-footed shot
525,526,16/17,LaLiga,21,A,Real Madrid,Celta de Vigo,1:4,CF,48,0:2,Left-footed shot
526,527,16/17,LaLiga,38,A,Real Madrid,Malaga CF,0:2,CF,2,0:1,Right-footed shot
527,528,16/17,UEFA Champions League,Final,A,Real Madrid,Juventus FC,1:4,CF,20,0:1,Right-footed shot
528,529,16/17,UEFA Champions League,Final,A,Real Madrid,Juventus FC,1:4,CF,64,1:3,Right-footed shot
529,530,17/18,Supercopa,final,A,Real Madrid,FC Barcelona,1:3,CF,80,1:2,Right-footed shot
530,531,17/18,UEFA Champions League,Group Stage,H,Real Madrid,APOEL Nicosia,3:0,CF,12,1:0,Counter attack goal
531,532,17/18,UEFA Champions League,Group Stage,H,Real Madrid,APOEL Nicosia,3:0,CF,51,2:0,Penalty
532,533,17/18,UEFA Champions League,Group Stage,A,Real Madrid,Borussia Dortmund,1:3,CF,49,0:2,Left-footed shot
533,534,17/18,UEFA Champions League,Group Stage,A,Real Madrid,Borussia Dortmund,1:3,CF,79,1:3,Right-footed shot
534,535,17/18,LaLiga,8,A,Real Madrid,Getafe CF,1:2,CF,85,1:2,Right-footed shot
535,536,17/18,UEFA Champions League,Group Stage,H,Real Madrid,Tottenham Hotspur,1:1,LW,43,1:1,Penalty
536,537,17/18,UEFA Champions League,Group Stage,A,Real Madrid,Tottenham Hotspur,3:1,LW,80,3:1,Right-footed shot
537,538,17/18,UEFA Champions League,Group Stage,A,Real Madrid,APOEL Nicosia,0:6,LW,49,0:5,Header
538,539,17/18,UEFA Champions League,Group Stage,A,Real Madrid,APOEL Nicosia,0:6,LW,54,0:6,Left-footed shot
539,540,17/18,LaLiga,13,H,Real Madrid,Malaga CF,3:2,CF,76,3:2,Penalty rebound
540,541,17/18,UEFA Champions League,Group Stage,H,Real Madrid,Borussia Dortmund,3:2,LW,12,2:0,Right-footed shot
541,542,17/18,LaLiga,15,H,Real Madrid,Sevilla FC,5:0,CF,23,2:0,Right-footed shot
542,543,17/18,LaLiga,15,H,Real Madrid,Sevilla FC,5:0,CF,31,3:0,Penalty
543,544,17/18,FIFA Club World Cup,Semi-Finals,A,Real Madrid,Al-Jazira (Abu Dhabi),1:2,LW,53,1:1,Right-footed shot
544,545,17/18,FIFA Club World Cup,Final,H,Real Madrid,GrÃªmio Foot-Ball Porto Alegrense,1:0,LW,53,1:0,Direct free kick
545,546,17/18,LaLiga,20,H,Real Madrid,Deportivo de La CoruÃ±a,7:1,LW,78,5:1,Left-footed shot
546,547,17/18,LaLiga,20,H,Real Madrid,Deportivo de La CoruÃ±a,7:1,LW,84,6:1,Header
547,548,17/18,LaLiga,21,A,Real Madrid,Valencia CF,1:4,LW,16,0:1,Penalty
548,549,17/18,LaLiga,21,A,Real Madrid,Valencia CF,1:4,LW,38,0:2,Penalty
549,550,17/18,LaLiga,23,H,Real Madrid,Real Sociedad,5:2,CF,27,2:0,Right-footed shot
550,551,17/18,LaLiga,23,H,Real Madrid,Real Sociedad,5:2,CF,37,4:0,Header
551,552,17/18,LaLiga,23,H,Real Madrid,Real Sociedad,5:2,CF,80,5:1,Tap-in
552,553,17/18,UEFA Champions League,last 16,H,Real Madrid,Paris Saint-Germain,3:1,LW,45,1:1,Penalty
553,554,17/18,UEFA Champions League,last 16,H,Real Madrid,Paris Saint-Germain,3:1,LW,83,2:1,Tap-in
554,555,17/18,LaLiga,24,A,Real Madrid,Real Betis Balompia,3:5,CF,65,2:4,Right-footed shot
555,556,17/18,LaLiga,25,H,Real Madrid,Deportivo Alavas,4:0,CF ,44,1:0,Left-footed shot
556,557,17/18,LaLiga,25,H,Real Madrid,Deportivo Alavas,4:0,CF ,61,3:0,Right-footed shot
557,558,17/18,LaLiga,27,H,Real Madrid,Getafe CF,3:1,CF,45+1,2:0,Left-footed shot
558,559,17/18,LaLiga,27,H,Real Madrid,Getafe CF,3:1,CF,78,3:1,Header
559,560,17/18,UEFA Champions League,last 16,A,Real Madrid,Paris Saint-Germain,1:2,CF,51,0:1,Header
560,561,17/18,LaLiga,28,A,Real Madrid,SD Eibar,1:2,CF,33,0:1,Right-footed shot
561,562,17/18,LaLiga,28,A,Real Madrid,SD Eibar,1:2,CF,84,1:2,Header
562,563,17/18,LaLiga,29,H,Real Madrid,Girona FC,6:3,CF,11,1:0,Left-footed shot
563,564,17/18,LaLiga,29,H,Real Madrid,Girona FC,6:3,CF,47,2:1,Left-footed shot
564,565,17/18,LaLiga,29,H,Real Madrid,Girona FC,6:3,CF,64,4:1,Tap-in
565,566,17/18,LaLiga,29,H,Real Madrid,Girona FC,6:3,CF,90+1,6:3,Right-footed shot
566,567,17/18,UEFA Champions League,Quarter-Finals,A,Real Madrid,Juventus FC,0:3,CF,3,0:1,Right-footed shot
567,568,17/18,UEFA Champions League,Quarter-Finals,A,Real Madrid,Juventus FC,0:3,CF,64,0:2,Right-footed shot
568,569,17/18,LaLiga,31,H,Real Madrid,Atlatico de Madrid,1:1,CF,53,1:0,Right-footed shot
569,570,17/18,UEFA Champions League,Quarter-Finals,H,Real Madrid,Juventus FC,1:3,CF,90+7,1:3,Penalty
570,571,17/18,LaLiga,33,H,Real Madrid,Athletic Bilbao,1:1,CF,87,1:1,Right-footed shot
571,572,17/18,LaLiga,36,A,Real Madrid,FC Barcelona,2:2,LW,14,1:1,Right-footed shot
572,573,17/18,LaLiga,38,A,Real Madrid,Villarreal CF,2:2,CF,32,0:2,Header
573,574,18/19,Serie A,4,H,Juventus FC,US Sassuolo,2:1,CF,50,1:0,Tap-in
574,575,18/19,Serie A,4,H,Juventus FC,US Sassuolo,2:1,CF,65,2:0,Left-footed shot
575,576,18/19,Serie A,5,A,Juventus FC,Frosinone Calcio,0:2,LW,81,0:1,Left-footed shot
576,577,18/19,Serie A,8,A,Juventus FC,Udinese Calcio,0:2,LW,37,0:2,Left-footed shot
577,578,18/19,Serie A,9,H,Juventus FC,Genoa CFC,1:1,LW,18,1:0,Tap-in
578,579,18/19,Serie A,10,A,Juventus FC,Empoli FC ,1:2,CF,54,1:1,Penalty
579,580,18/19,Serie A,10,A,Juventus FC,Empoli FC ,1:2,CF,70,1:2,Right-footed shot
580,581,18/19,UEFA Champions League,Group Stage,H,Juventus FC,Manchester United,1:2,CF,65,1:0,Right-footed shot
581,582,18/19,Serie A,12,A,Juventus FC,AC Milan,0:2,LW,81,0:2,Tap-in
582,583,18/19,Serie A,13,H,Juventus FC,SPAL,2:0,CF,29,1:0,Left-footed shot
583,584,18/19,Serie A,14,A,Juventus FC,ACF Fiorentina,0:3,LW,79,0:3,Penalty
584,585,18/19,Serie A,16,A,Juventus FC,Torino FC,0:1,LW,70,0:1,Penalty
585,586,18/19,Serie A,18,A,Juventus FC,Atalanta BC,2:2,CF,78,2:2,Header
586,587,18/19,Serie A,19,H,Juventus FC,UC Sampdoria,2:1,LW,2,1:0,Right-footed shot
587,588,18/19,Serie A,19,H,Juventus FC,UC Sampdoria,2:1,LW,65,2:1,Penalty
588,589,18/19,Supercoppa Italiana,Final,H,Juventus FC,AC Milan,1:0,LW,61,1:0,Header
589,590,18/19,Serie A,21,A,Juventus FC,SS Lazio,1:2,LW,88,1:2,Penalty
590,591,18/19,Serie A,22,H,Juventus FC,Parma Calcio 1913,3:3,LW,36,1:0,Right-footed shot
591,592,18/19,Serie A,22,H,Juventus FC,Parma Calcio 1913,3:3,LW,66,3:1,Header
592,593,18/19,Serie A,23,A,Juventus FC,US Sassuolo,0:3,LW,70,0:2,Header
593,594,18/19,Serie A,24,H,Juventus FC,Frosinone Calcio,3:0,LW,63,3:0,Right-footed shot
594,595,18/19,UEFA Champions League,last 16,H,Juventus FC,Atlatico de Madrid,3:0,CF,27,1:0,Header
595,596,18/19,UEFA Champions League,last 16,H,Juventus FC,Atlatico de Madrid,3:0,CF,49,2:0,Header
596,597,18/19,UEFA Champions League,last 16,H,Juventus FC,Atlatico de Madrid,3:0,CF,86,3:0,Penalty
597,598,18/19,UEFA Champions League,Quarter-Finals,A,Juventus FC,Ajax Amsterdam,1:1,LW,45,0:1,Header
598,599,18/19,UEFA Champions League,Quarter-Finals,H,Juventus FC,Ajax Amsterdam,1:2,LW,28,1:0,Header
599,600,18/19,Serie A,34,A,Juventus FC,Inter Milan,1:1,CF,62,1:1,Left-footed shot
600,601,18/19,Serie A,35,H,Juventus FC,Torino FC,1:1,CF,84,1:1,Header
601,602,19/20,Serie A,2,H,Juventus FC,SSC Napoli,4:3,LW,62,3:0,Left-footed shot
602,603,19/20,Serie A,4,H,Juventus FC,Hellas Verona,2:1,LW,49,2:1,Penalty
603,604,19/20,Serie A,6,H,Juventus FC,SPAL,2:0,CF,78,2:0,Header
604,605,19/20,UEFA Champions League,Group Stage,H,Juventus FC,Bayer 4 Leverkusen,3:0,CF,89,3:0,Right-footed shot
605,606,19/20,Serie A,8,H,Juventus FC,Bologna FC 199,2:1,CF,19,1:0,Right-footed shot
606,607,19/20,Serie A,10,H,Juventus FC,Genoa CFC,2:1,CF,90+6,2:1,Penalty
607,608,19/20,Serie A,14,H,Juventus FC,US Sassuolo,2:2,CF,68,2:2,Penalty
608,609,19/20,Serie A,15,A,Juventus FC,SS Lazio,3:1,CF,25,0:1,Tap-in
609,610,19/20,UEFA Champions League,Group Stage,A,Juventus FC,Bayer 4 Leverkusen,0:2,CF,75,0:1,Right-footed shot
610,611,19/20,Serie A,16,H,Juventus FC,Udinese Calcio,3:1,CF,9,1:0,Right-footed shot
611,612,19/20,Serie A,16,H,Juventus FC,Udinese Calcio,3:1,CF,37,2:0,Left-footed shot
612,613,19/20,Serie A,17,A,Juventus FC,UC Sampdoria,1:2,LW,45,1:2,Header
613,614,19/20,Serie A,18,H,Juventus FC,Cagliari Calcio,4:0,CF,49,1:0,Right-footed shot
614,615,19/20,Serie A,18,H,Juventus FC,Cagliari Calcio,4:0,CF,67,2:0,Penalty
615,616,19/20,Serie A,18,H,Juventus FC,Cagliari Calcio,4:0,CF,82,4:0,Left-footed shot
616,617,19/20,Serie A,19,A,Juventus FC,AS Roma,1:2,CF,10,0:2,Penalty
617,618,19/20,Serie A,20,H,Juventus FC,Parma Calcio 1913,2:1,CF,43,1:0,Deflected shot on goal
618,619,19/20,Serie A,20,H,Juventus FC,Parma Calcio 1913,2:1,CF,58,2:1,Right-footed shot
619,620,19/20,Italy Cup,Quarter-Finals,H,Juventus FC,AS Roma,3:1,LW,26,1:0,Left-footed shot
620,621,19/20,Serie A,21,A,Juventus FC,SSC Napoli,2:1,LW,90,2:1,Right-footed shot
621,622,19/20,Serie A,22,H,Juventus FC,ACF Fiorentina,3:0,LW,40,1:0,Penalty
622,623,19/20,Serie A,22,H,Juventus FC,ACF Fiorentina,3:0,LW,80,2:0,Penalty
623,624,19/20,Serie A,23,A,Juventus FC,Hellas Verona,2:1,LW,65,0:1,Right-footed shot
624,625,19/20,Italy Cup,Semi-Finals,A,Juventus FC,AC Milan,1:1,LW,90+1,1:1,Penalty
625,626,19/20,Serie A,25,A,Juventus FC,SPAL,1:2,LW,39,0:1,Tap-in
626,627,19/20,Serie A,27,A,Juventus FC,Bologna FC 199,0:2,LW,23,0:1,Penalty
627,628,19/20,Serie A,28,H,Juventus FC,US Lecce,4:0,LW,62,2:0,Penalty
628,629,19/20,Serie A,29,A,Juventus FC,Genoa CFC,1:3,LW,56,0:2,Long distance kick
629,630,19/20,Serie A,30,H,Juventus FC,Torino FC,4:1,LW,61,3:1,Direct free kick
630,631,19/20,Serie A,31,A,Juventus FC,AC Milan,4:2,LW,53,0:2,Left-footed shot
631,632,19/20,Serie A,32,H,Juventus FC,Atalanta BC,2:2,LW,55,1:1,Penalty
632,633,19/20,Serie A,32,H,Juventus FC,Atalanta BC,2:2,LW,90,2:2,Penalty
633,634,19/20,Serie A,34,H,Juventus FC,SS Lazio,2:1,LW,51,1:0,Penalty
634,635,19/20,Serie A,34,H,Juventus FC,SS Lazio,2:1,LW,54,2:0,Counter attack goal
635,636,19/20,Serie A,36,H,Juventus FC,UC Sampdoria,2:0,LW,45+7,1:0,Right-footed shot
636,637,19/20,UEFA Champions League,last 16,H,Juventus FC,Olympique Lyon,2:1,LW,43,1:1,Penalty
637,638,19/20,UEFA Champions League,last 16,H,Juventus FC,Olympique Lyon,2:1,LW,60,2:1,Left-footed shot
638,639,20/21,Serie A,1,H,Juventus FC,UC Sampdoria,3:0,CF,88,3:0,Right-footed shot
639,640,20/21,Serie A,2,A,Juventus FC,AS Roma,2:2,CF,44,1:1,Penalty
640,641,20/21,Serie A,2,A,Juventus FC,AS Roma,2:2,CF,69,2:2,Header
641,642,20/21,Serie A,6,A,Juventus FC,Spezia Calcio,1:4,CF,59,1:2,Right-footed shot
642,643,20/21,Serie A,6,A,Juventus FC,Spezia Calcio,1:4,CF,76,1:4,Penalty
643,644,20/21,Serie A,7,A,Juventus FC,SS Lazio,1:1,LW,15,0:1,Right-footed shot
644,645,20/21,Serie A,8,H,Juventus FC,Cagliari Calcio,2:0,CF,38,1:0,Right-footed shot
645,646,20/21,Serie A,8,H,Juventus FC,Cagliari Calcio,2:0,CF,42,2:0,Right-footed shot
646,647,20/21,UEFA Champions League,Group Stage,H,Juventus FC,Ferencvarosi TC,2:1,CF,35,1:1,Left-footed shot
647,648,20/21,UEFA Champions League,Group Stage,H,Juventus FC,Dynamo Kyiv,3:0,CF,57,2:0,Right-footed shot
648,649,20/21,UEFA Champions League,Group Stage,A,Juventus FC,FC Barcelona,0:3,CF,13,0:1,Penalty
649,650,20/21,UEFA Champions League,Group Stage,A,Juventus FC,FC Barcelona,0:3,CF,52,0:3,Penalty
650,651,20/21,Serie A,11,A,Juventus FC,Genoa CFC,1:3,CF,78,1:2,Penalty
651,652,20/21,Serie A,11,A,Juventus FC,Genoa CFC,1:3,CF,89,1:3,Penalty
652,653,20/21,Serie A,13,A,Juventus FC,Parma Calcio 1913,0:4,CF,26,0:2,Header
653,654,20/21,Serie A,13,A,Juventus FC,Parma Calcio 1913,0:4,CF,48,0:3,Left-footed shot
654,655,20/21,Serie A,15,H,Juventus FC,Udinese Calcio,4:1,CF,31,1:0,Right-footed shot
655,656,20/21,Serie A,15,H,Juventus FC,Udinese Calcio,4:1,CF,70,3:0,Left-footed shot
656,657,20/21,Serie A,17,H,Juventus FC,US Sassuolo,3:1,CF,90+2,3:1,Right-footed shot
657,658,20/21,Supercoppa Italiana,Final,H,Juventus FC,SSC Napoli,2:0,CF,64,1:0,Tap-in
658,659,20/21,Italy Cup,Semi-Finals,A,Juventus FC,Inter Milan,1:2,CF,26,1:1,Penalty
659,660,20/21,Italy Cup,Semi-Finals,A,Juventus FC,Inter Milan,1:2,CF,35,1:2,Left-footed shot
660,661,20/21,Serie A,21,H,Juventus FC,AS Roma,2:0,CF,13,1:0,Left-footed shot
661,662,20/21,Serie A,23,H,Juventus FC,FC Crotone,3:0,CF,38,1:0,Header
662,663,20/21,Serie A,23,H,Juventus FC,FC Crotone,3:0,CF,45+1,2:0,Header
663,664,20/21,Serie A,24,A,Juventus FC,Hellas Verona,1:1,CF,49,0:1,Right-footed shot
664,665,20/21,Serie A,25,H,Juventus FC,Spezia Calcio,3:0,CF,89,3:0,Counter attack goal
665,666,20/21,Serie A,27,A,Juventus FC,Cagliari Calcio,1:3,CF,10,0:1,Header
666,667,20/21,Serie A,27,A,Juventus FC,Cagliari Calcio,1:3,CF,25,0:2,Penalty
667,668,20/21,Serie A,27,A,Juventus FC,Cagliari Calcio,1:3,CF,32,0:3,Left-footed shot
668,669,20/21,Serie A,29,A,Juventus FC,Torino FC,2:2,CF,79,2:2,Header
669,670,20/21,Serie A,3,H,Juventus FC,SSC Napoli,2:1,CF,13,1:0,Right-footed shot
670,671,20/21,Serie A,34,A,Juventus FC,Udinese Calcio,1:2,CF,83,1:1,Penalty
671,672,20/21,Serie A,34,A,Juventus FC,Udinese Calcio,1:2,CF,89,1:2,Header
672,673,20/21,Serie A,36,A,Juventus FC,US Sassuolo,1:3,CF,45,0:2,Left-footed shot
673,674,20/21,Serie A,37,H,Juventus FC,Inter Milan,3:2,CF,24,1:0,Penalty rebound
674,675,21/22,Premier League,4,H,Manchester United,Newcastle United,4:1,CF,45+2,1:0,Tap-in
675,676,21/22,Premier League,4,H,Manchester United,Newcastle United,4:1,CF,62,2:1,Left-footed shot
676,677,21/22,UEFA Champions League,Group Stage,A,Manchester United,BSC Young Boys,2:1,CF,13,0:1,Right-footed shot
677,678,21/22,Premier League,5,A,Manchester United,West Ham United,1:2,CF,35,1:1,Right-footed shot
678,679,21/22,UEFA Champions League,Group Stage,H,Manchester United,Villarreal CF,2:1,CF,90+5,2:1,Right-footed shot
679,680,21/22,UEFA Champions League,Group Stage,H,Manchester United,Atalanta BC,3:2,CF,81,3:2,Header
680,681,21/22,Premier League,10,A,Manchester United,Tottenham Hotspur,0:3,CF,39,0:1,Right-footed shot
681,682,21/22,UEFA Champions League,Group Stage,A,Manchester United,Atalanta BC,2:2,CF,45+1,1:1,Right-footed shot
682,683,21/22,UEFA Champions League,Group Stage,A,Manchester United,Atalanta BC,2:2,CF,90+1,2:2,Right-footed shot
683,684,21/22,UEFA Champions League,Group Stage,A,Manchester United,Villarreal CF,0:2,CF,78,0:1,Right-footed shot
684,685,21/22,Premier League,14,H,Manchester United,Arsenal FC,3:2,CF,52,2:1,Right-footed shot
685,686,21/22,Premier League,14,H,Manchester United,Arsenal FC,3:2,CF,70,3:2,Penalty
686,687,21/22,Premier League,16,A,Manchester United,Norwich City,0:1,CF,75,0:1,Penalty
687,688,21/22,Premier League,20,H,Manchester United,Burnley FC,3:1,CF,35,3:0,Right-footed shot
688,689,21/22,Premier League,18,H,Manchester United,Brighton & Hove Albion,2:0,CF,51,1:0,Right-footed shot
689,690,21/22,Premier League,29,H,Manchester United,Tottenham Hotspur,3:2,CF,12,1:0,Right-footed shot
690,691,21/22,Premier League,29,H,Manchester United,Tottenham Hotspur,3:2,CF,38,2:1,Right-footed shot
691,692,21/22,Premier League,29,H,Manchester United,Tottenham Hotspur,3:2,CF,81,3:2,Header
692,693,21/22,Premier League,33,H,Manchester United,Norwich City,3:2,CF,7,1:0,Right-footed shot
693,694,21/22,Premier League,33,H,Manchester United,Norwich City,3:2,CF,32,2:0,Header
694,695,21/22,Premier League,33,H,Manchester United,Norwich City,3:2,CF,76,3:2,Direct free kick
695,696,21/22,Premier League,34,A,Manchester United,Arsenal FC,3:1,CF,34,2:1,Left-footed shot
696,697,21/22,Premier League,37,H,Manchester United,Chelsea FC,1:1,CF,62,1:1,Right-footed shot
697,698,21/22,Premier League,35,H,Manchester United,Brentford FC,3:0,CF,61,2:0,Penalty
