title,summary,installs,score,ratings,reviews,size,androidVersion,developer,genreId,icon,contentRating,containsAds,released,updated,version,similarApps,url
BYJU'S â€“ The Learning App,"Engaging video lessons, live classes, personalised learning, unlimited practice",100000000.0,4.1220655,1745108.0,947.0,167M,5.0,BYJU'S,EDUCATION,https://play-lh.googleusercontent.com/rFv7fIYW4u6h-M8nt4P-A5R7-8unCYOiswLw14NTKUp6yQRAVTWJQL3I1SRjvfSVLg,Everyone,False,"Jul 6, 2015",1651664753.0,10.1.1.13300,"['com.instapreps', 'com.noonEdu.k12App', 'com.chegg', 'com.bodhiaiteacherflutter.in', 'org.khanacademy.android']",https://play.google.com/store/apps/details?id=com.byjus.thelearningapp&hl=en&gl=us
Duolingo: language lessons,"Learn Spanish, French, German, Italian, English and more languages for free.",100000000.0,4.5738,12512116.0,592133.0,Varies with device,Varies,Duolingo,EDUCATION,https://play-lh.googleusercontent.com/hSyebBlYwtE2aMjzSIHasUO9cQv9HgNAw9owy6ADO0szOKYO3rDk60r7jcyXu82Fbq1M,Everyone,True,"May 29, 2013",1652121759.0,Varies with device,"['com.pinterest', 'com.memrise.android.memrisecompanion', 'wp.wattpad', 'com.digidust.elokence.akinator.freemium', 'com.netflix.mediaclient']",https://play.google.com/store/apps/details?id=com.duolingo&hl=en&gl=us
"IIT JEE, NEET, NCERT Solutions","NCERT Solutions, CBSE, Board, IIT JEE, NEET Prep, Homework Study & Learning App",50000000.0,4.22,574552.0,307.0,22M,5.0,Doubtnut: Doubt Solving & Video Solutions App,EDUCATION,https://play-lh.googleusercontent.com/t5KqZtPT5F-eL5gHNr9LTqFbiZcTzvUSFH_APnPCNxX069-3ORfR1qNhodYJ58IwrQ,Everyone,False,"Oct 14, 2016",1652125525.0,7.9.67,"['com.chegg', 'com.instapreps', 'com.noonEdu.k12App', 'co.brainly', 'com.hdictionary.bn']",https://play.google.com/store/apps/details?id=com.doubtnutapp&hl=en&gl=us
Unacademy Learner App,"Interact with Indiaâ€™s Top Educators and take Live Classes, Mock Tests & Quizzes",50000000.0,3.3584905,951700.0,452.0,Varies with device,Varies,Unacademy,EDUCATION,https://play-lh.googleusercontent.com/DT0jm91vA_rOkxwatXhI4yVpjU4KI0augje6ZJGYxEyNjKvIhcQt8npiLHf5-ydclsqe,Everyone,False,"Feb 15, 2017",1651833530.0,Varies with device,"['com.instapreps', 'com.noonEdu.k12App', 'com.chegg', 'org.khanacademy.android', 'com.udemy.android']",https://play.google.com/store/apps/details?id=com.unacademyapp&hl=en&gl=us
Noon Academy â€“ Student Learning App,Learn from the best teachers with your friends â€“ grades 7 to 12 and university,10000000.0,4.2523365,103191.0,459.0,52M,5.0,Noon Academy,EDUCATION,https://play-lh.googleusercontent.com/23u77l3Az6tPHZ1Sv1RBVk2qMG4ZgWENEZR9kIIx7ATAynfZI52Ys82uMCNNl4cvp1M,Everyone,False,"Mar 12, 2017",1652216183.0,4.6.32,"['com.chegg', 'com.instapreps', 'com.guruvise.dev', 'org.khanacademy.android', 'com.synkers.synkers']",https://play.google.com/store/apps/details?id=com.noonEdu.k12App&hl=en&gl=us
Cambly - English Teacher,Practice English over video chat with a native speaker!,10000000.0,4.171521,126401.0,1352.0,99M,5.0,Cambly,EDUCATION,https://play-lh.googleusercontent.com/SEzZzN93NsArB73OAa3I189OzGSmgHX9oE9h3M7WcibKbt096zHfhXw4UxDvh4JF77c,Everyone,False,"Feb 17, 2014",1651033831.0,5.1.2,"['com.englishcentral.android.app', 'us.nobarriers.elsa', 'me.mycake', 'com.englishscore', 'com.abaenglish.videoclass']",https://play.google.com/store/apps/details?id=com.cambly.cambly&hl=en&gl=us
Edmodo,Classroom & School Messaging Tools,10000000.0,3.9538593,459326.0,15292.0,Varies with device,5.0,"Edmodo, Inc",EDUCATION,https://play-lh.googleusercontent.com/R2bL4maiOlPdGfIeFSn0cOYQDsKxwgzS79mtgx0oIEZIGD4DZdhe7tWZ-IXUTJ-m04A,Everyone,True,"Nov 2, 2010",1647559958.0,10.48.0,"['com.ixl.ixlmath', 'com.classdojo.android', 'org.brilliant.android', 'no.mobitroll.kahoot.android', 'com.slatescience.Matific']",https://play.google.com/store/apps/details?id=com.fusionprojects.edmodo&hl=en&gl=us
Quizlet: Languages & Vocab,"The top study app for flashcards, languages and learning",10000000.0,4.673288,466157.0,49990.0,Varies with device,Varies,Quizlet Inc.,EDUCATION,https://play-lh.googleusercontent.com/hiQHKRhpuGu4pWAFhpto9H7qWKSdX-BjKbDAtZYgm_jfoD0cN7MCllGOn6L3XWo-6Q,Everyone,True,"Aug 20, 2013",1652224566.0,Varies with device,"['com.studysmarter', 'com.quizizz_mobile', 'com.lexilize.fc', 'com.memrise.android.memrisecompanion', 'com.ichi2.anki']",https://play.google.com/store/apps/details?id=com.quizlet.quizletandroid&hl=en&gl=us
Udemy - Online Courses,"Achieve your goals with online courses in Coding, Python, and more.",10000000.0,4.353716,357547.0,13123.0,32M,6.0,Udemy,EDUCATION,https://play-lh.googleusercontent.com/dsCkmJE2Fa8IjyXERAcwc5YeQ8_NvbZ4_OI8LgqyjILpXUfS5YhEcnAMajKPrZI-og,Everyone,False,"Jan 14, 2014",1651761883.0,7.27.1,"['org.coursera.android', 'com.linkedin.android.learning', 'org.domestika', 'org.edx.mobile', 'com.skillshare.Skillshare']",https://play.google.com/store/apps/details?id=com.udemy.android&hl=en&gl=us
Teachmint - The Classroom App,"Manage classes, take quizzes, homework, monitor attendance, performance and more",10000000.0,3.9672132,134739.0,25.0,44M,5.0,Teachmint Technologies,EDUCATION,https://play-lh.googleusercontent.com/suLFmU1eAFbVGRsduBZzLv70AGzCMlkZleL7lXsjCIoKdins91_oKhk9volTgjQdWT4,Everyone,False,"Jun 13, 2020",1652294692.0,5.18.0,"['com.bodhiaiteacherflutter.in', 'com.chegg', 'com.instapreps', 'com.noonEdu.k12App', 'com.inconceptlabs.liveboard']",https://play.google.com/store/apps/details?id=com.teachmint.teachmint&hl=en&gl=us
Memrise Easy Language Learning,"Have fun, learn fast and start speaking French, Spanish, German, Japanese",10000000.0,4.58008,1452079.0,65279.0,26M,7.0,Memrise,EDUCATION,https://play-lh.googleusercontent.com/eooMtOtVjJzq7fCS4G--Iy3jY8QvFEzdsoWMcO5Z_mJOilep2Wu_aZLJjTP9SOF_9jU,Everyone,True,"May 20, 2013",1649335495.0,2022.4.5.0,"['com.languagedrops.drops.international', 'air.com.rosettastone.mobile.CoursePlayer', 'com.busuu.android.enc', 'com.atistudios.mondly.languages', 'com.babbel.mobile.android.en']",https://play.google.com/store/apps/details?id=com.memrise.android.memrisecompanion&hl=en&gl=us
Sololearn: Learn to Code,"Learn to code Python, Swift, C+, Html, SQL or JavaScript. Join the code academy!",10000000.0,4.5160303,554749.0,19226.0,36M,5.0,Sololearn,EDUCATION,https://play-lh.googleusercontent.com/DHpmEI1cO-w2FQe6QHmXh_QksGEzF2hYiTAsQcgcyWPb7MFRb3R9KP5tITbzZgD1sV31,Teen,True,"Oct 25, 2016",1651312105.0,4.18.2,"['com.getmimo', 'com.enki.insights', 'com.freeit.java', 'com.duhnnae.programmingprogramacion', 'com.amensah.easycoder.python']",https://play.google.com/store/apps/details?id=com.sololearn&hl=en&gl=us
Epic: Kids' Books & Reading,"Learn with read-to-me books, ebooks, stories & videos for grade school children",5000000.0,4.3926272,82461.0,24061.0,203M,7.0,Epic! Creations Inc,EDUCATION,https://play-lh.googleusercontent.com/v50zN_2wAEaFrfkDbhAIOt63lKGUc78UeTkYeXKPEaw0BuLDOpf4rZwJfIiCi9tpCw,Everyone,False,"May 21, 2015",1652120180.0,3.55.3,"['com.blake.readingeggs.android', 'com.vooks', 'com.brainpop.brainpopjuniorandroid', 'org.asiafoundation.letsread', 'com.chungchy.highlightslibraryglobal']",https://play.google.com/store/apps/details?id=com.getepic.Epic&hl=en&gl=us
LinkedIn Learning: Online Courses to Learn Skills,"Learn in-demand business, tech and creative skills from industry experts",5000000.0,4.770349,76453.0,1685.0,40M,5.0,LinkedIn,EDUCATION,https://play-lh.googleusercontent.com/_rscxiBBXosch987Y2RJjgeVzhCoewK_0IXsrIKFKKVAaXRqZaVXcSgap7uwM4-fbck,Everyone,False,"Sep 22, 2016",1652020625.0,0.230.4,"['org.coursera.android', 'com.udemy.android', 'org.edx.mobile', 'org.domestika', 'com.pluralsight']",https://play.google.com/store/apps/details?id=com.linkedin.android.learning&hl=en&gl=us
"Cuemath: Math Games, Online Classes & Learning App",Learning app for math games & online classes with coding & math tutors for kids.,1000000.0,4.1034484,35681.0,316.0,60M,5.0,Cuemath,EDUCATION,https://play-lh.googleusercontent.com/wspoVFDFfDzh1LgfEp3AEH_x_FGkH-rogOT4-rw_1QBwfvknuljV7T58xTL08hLn8Ds,Everyone,False,"Oct 11, 2019",1647418660.0,2.9.0,"['com.azmisoft.brainchallenge', 'org.khanacademy.android', 'com.instapreps', 'com.chegg', 'com.OneColorGames.BrainMathExpert']",https://play.google.com/store/apps/details?id=com.cuelearn.cuemathapp&hl=en&gl=us
Computer Course,"Free computer courses, learn computers easily.",1000000.0,4.225,5631.0,24.0,3.6M,4.1,InnovApp21,EDUCATION,https://play-lh.googleusercontent.com/5MUfo0gLeqdcUlrg5t0Hspg3jzmzGNWwCw0EU-D0vBZCnqRbZtg6twfOf27wlOqq8g,Everyone,True,"Jan 30, 2015",1609733279.0,75.0,"['com.codepoint.computerProgramming', 'techmasterplus.computerawarenessmcq', 'io.computer_0102', 'cn.computernetworks.networks.networking.learn.toplogy.lan.wan', 'it.Ettore.calcoliinformatici']",https://play.google.com/store/apps/details?id=com.apps21.cursodecomputacion&hl=en&gl=us
Think and Learn | Parent Connect,The app helps parents with real-time update of their child's learning progress.,1000000.0,3.4615386,8323.0,5.0,22M,4.1,BYJU'S,EDUCATION,https://play-lh.googleusercontent.com/RHQXjfYyHq-LytItI8gzEMgHzhnPlDnFlTwaYh4R8wlGMn8kljLFp0c9i7-HBM5whaQ,Everyone,False,"May 21, 2017",1602857044.0,3.4.0,"['com.bodhiaiteacherflutter.in', 'earlylearn.kidslearningworld']",https://play.google.com/store/apps/details?id=com.byjus.parentappv2&hl=en&gl=us
Great Learning- Online Courses,"Learn Data Science, Marketing, AI ML, Cloud Computing & More With 1000+ Courses.",1000000.0,4.16,18492.0,51.0,56M,5.0,Great Learning,EDUCATION,https://play-lh.googleusercontent.com/H7GkRAMraDCEyZGQ00CWR4-a1xDhDfbU_7-y9MssE5bW2eIGrytG70Sd18l2EEdOHzg,Everyone,False,"Apr 22, 2015",1650104751.0,4.6.29,"['com.mobile.simplilearn', 'org.coursera.android', 'com.udemy.android', 'org.edx.mobile', 'com.alison.mobile.flutter']",https://play.google.com/store/apps/details?id=com.lms.greatlakes&hl=en&gl=us
uLesson Educational App,Start learning with the uLesson App . For Primary and Secondary School Learners.,1000000.0,4.34,12023.0,63.0,70M,5.0,uLesson Education,EDUCATION,https://play-lh.googleusercontent.com/NK5Aie3Vygi2g-diVYJ5wNhKpLsksugrcTeXM3GHFXgMZRt3aa7lFEbGoxYaEzSFpeQ,Everyone,False,"Mar 1, 2020",1651692763.0,1.10.10,"['com.mistryey.completechemistry', 'com.varsitytutors.learningtools.hsmath', 'com.josephjawahkebbie.wasscesyllabus', 'com.brain2016.speaking', 'com.movinapp.dict.english.american']",https://play.google.com/store/apps/details?id=com.ulesson&hl=en&gl=us
Pluralsight â€“ The Technology Skills Platform,"Online courses on software development, machine learning, cybersecurity & more",1000000.0,4.524731,17874.0,1918.0,Varies with device,Varies,Pluralsight,EDUCATION,https://play-lh.googleusercontent.com/AZW3Q9fPfsjhJncEpiAEsfteaz3pep88Tfy2-sjjf4Ib7wfM0M6B0TcRuW3-JJsS2oVz,Everyone,False,"Apr 17, 2011",1651510535.0,Varies with device,"['org.coursera.android', 'com.udemy.android', 'com.linkedin.android.learning', 'com.enki.insights', 'org.edx.mobile']",https://play.google.com/store/apps/details?id=com.pluralsight&hl=en&gl=us
upGrad - Online Learning Courses,Courses by Industry experts ðŸ¤“ to help you Upskill ðŸ’» and get your Dream Role,1000000.0,4.35,20206.0,16.0,136M,6.0,upGrad,EDUCATION,https://play-lh.googleusercontent.com/_R-sTVgumyAmuzVYZw2aCxhFnVKAiShPygaua7hTHEx0ZaCgjH803FDb112lBHxvIjC_,Everyone,False,"May 4, 2016",1652177517.0,5.4.4,"['com.mobile.simplilearn', 'com.emeritus.mobile', 'com.udemy.android', 'org.coursera.android', 'com.linkedin.android.learning']",https://play.google.com/store/apps/details?id=com.upgrad.student&hl=en&gl=us
Skillshare - Creative Classes,"Watch, learn, make & discover",1000000.0,4.3229437,51403.0,4298.0,30M,5.0,"Skillshare, Inc",EDUCATION,https://play-lh.googleusercontent.com/Lfh8g5kPONfSNL7R4s8itnMMdj3lhmHU9tb4gp7eoOaXkJo0dOcwB6iWPdNGZMRDMVs,Everyone,False,"May 18, 2015",1651600555.0,5.4.7,"['org.domestika', 'com.udemy.android', 'org.coursera.android', 'org.edx.mobile', 'com.tgc.greatcoursesplus']",https://play.google.com/store/apps/details?id=com.skillshare.Skillshare&hl=en&gl=us
Cursa - Online courses,"+1100 Online courses with certificate, exercises and articles for you to study",1000000.0,4.65,42862.0,258.0,34M,5.0,MedTech Cursos livres e ensino online LTDA,EDUCATION,https://play-lh.googleusercontent.com/UAchx253Yo8rONsp5mrMdW48Ymltv98-b3k732lK2VlZDajHZ-cZhQQL83mHX6LDU4ws,Everyone,True,"Feb 13, 2017",1650113079.0,2.6.7,"['com.alison.mobile.flutter', 'com.mobile.simplilearn', 'org.coursera.android', 'com.crehana.android', 'org.domestika']",https://play.google.com/store/apps/details?id=com.ionicframework.cursosdegraca&hl=en&gl=us
MasterClass: Learn from the best,"Cook, write, perform, play, & more",1000000.0,4.445049,18982.0,3707.0,33M,5.1,MasterClass Inc.,EDUCATION,https://play-lh.googleusercontent.com/f9VJeBoXbPy6liy6hID6qv-uKNQ5U4q55FHz3akcdgYSwMmB2GRQwM-5rW2XTQvDdQfN,Teen,False,"Aug 8, 2018",1651796993.0,2.24.3,"['com.yanka.mc.tv.prod.android', 'com.skillshare.Skillshare', 'com.uptime', 'com.tgc.greatcoursesplus', 'com.emeritus.mobile']",https://play.google.com/store/apps/details?id=com.yanka.mc&hl=en&gl=us
HSK Study and Exam â€” SuperTest,The previous HSK Online app has been upgraded to SuperTest!,1000000.0,4.74,23345.0,326.0,57M,4.1,Learn Language - Super Chinese,EDUCATION,https://play-lh.googleusercontent.com/wSdcRogx-bV4LtVoYui9ku0uT0g4GYhX-AdLMRX99jJZoSyHK2QCpS2YqVxSglFp1Q41,Everyone,False,"Feb 13, 2018",1650629730.0,3.6.11,"['org.sinamon.duchinese', 'com.chineseskill', 'com.deer.cc', 'com.hellochinese', 'com.chinesegrammar']",https://play.google.com/store/apps/details?id=com.hskonline&hl=en&gl=us
Taleemabad: Learning at Home,"Pakistan's # 1 App for Primary Grades learning! Videos, Exercises & more!",1000000.0,4.266667,7084.0,15.0,152M,4.4,Orenda Educational Studios,EDUCATION,https://play-lh.googleusercontent.com/z6pH2myB7Qi9E94uvaPCWbwqZTHNp4PMVCHJjPcbyfuSy0T1hAXphl4RDswlgcqYidUU,Everyone,False,"May 10, 2018",1649936771.0,165,,https://play.google.com/store/apps/details?id=com.orenda.taimo.myapplication&hl=en&gl=us
10 Minute School - Online Learning Courses,"Explore online courses, tutorials and quizzes for class 1-12, admission and more",1000000.0,4.08,54691.0,339.0,159M,5.0,10 Minute School,EDUCATION,https://play-lh.googleusercontent.com/olrMF2uNBZELtwPK_HpNHGWXEDEcrG-H8FKsiNPETaQ36r2SYScDYy7eGUUrl2dLdg,Everyone,False,"Jan 26, 2019",1651151841.0,3.8.4.4,"['com.abidhasanapps.provasidrenglishvasashikha', 'com.oneous.bangladict', 'com.dictionary.bn', 'com.dic.bn', 'com.rksmobile.generalknowledgebangla']",https://play.google.com/store/apps/details?id=com.a10minuteschool.tenminuteschool&hl=en&gl=us
Shaw Academy - Online Courses With Certification,"Free online courses in photography, design, nutrition. Accredited certification.",1000000.0,3.72147,53044.0,3183.0,38M,5.0,Shaw Academy - Interactive Online Courses,EDUCATION,https://play-lh.googleusercontent.com/tkR76fR_rW3Lw9kBJaYMSsY9Ve4NOOUhvQ_JKF1DUMz-qGlihrHDUKKMfkQHCaUCPto,Everyone,False,"Jun 6, 2017",1632128973.0,3.90,"['com.mobile.simplilearn', 'com.alison.mobile.flutter', 'com.emeritus.mobile', 'com.teachco.TGCviewer', 'com.tgc.greatcoursesplus']",https://play.google.com/store/apps/details?id=com.shawacademy.app&hl=en&gl=us
HOMER Learn & Grow,The essential early learning program for kids 2-8.,1000000.0,4.0805087,4571.0,1383.0,44M,5.0,Homer Learning,EDUCATION,https://play-lh.googleusercontent.com/Lo-vdTqTrVww__H4jxQPdNyrl8zTXnFqqkDai8YpGbiwCZDMCzjfKsxEstOGE9GVmnXz,Everyone,False,"Nov 15, 2017",1651246130.0,4.4.0,"['org.khankids.android', 'com.blake.readingeggs.android', 'com.gilbertjolly.teachphonics.teachers', 'air.com.starfall.ltr', 'air.com.starfall.more']",https://play.google.com/store/apps/details?id=com.learnwithhomer.webapp&hl=en&gl=us
Chegg Study - Homework Help,Learn with Chegg,1000000.0,3.8073,32033.0,7081.0,39M,7.0,"Chegg, Inc.",EDUCATION,https://play-lh.googleusercontent.com/MRFoeH2ytWajpVulg3b6mxt-2OiyrGkhV1Kht-R3Ejlbtl4TY8aCItZS0p5z8ivGHkhH,Everyone,False,"Aug 19, 2013",1651596157.0,13.3.4,"['com.instapreps', 'de.veedapp.veed', 'com.coursehero.coursehero', 'com.studysmarter', 'com.education.android.h.intelligence']",https://play.google.com/store/apps/details?id=com.chegg&hl=en&gl=us
EduRev Exam Preparation App: Learning & Mock Tests,"Exam Preparation & Doubt Solving: Online Mock Tests, Online Course, Sample Paper",1000000.0,4.5,50941.0,24.0,39M,5.0,"EduRev: Learning, Mock Test & Exam Preparation App",EDUCATION,https://play-lh.googleusercontent.com/_CJdFl5Ezk0J8NgT26VlgP9c8Svqar9dNjvbjJ9y6yipQ3JWZffXWLN6YKYcjYwbxqg,Everyone,False,"Dec 15, 2014",1652165087.0,6.4.8_edurev,"['com.instapreps', 'com.sbr_connect.steven.ptelite', 'com.edurev.commerce', 'com.edurev.gmat', 'nithra.math.aptitude']",https://play.google.com/store/apps/details?id=com.edurev&hl=en&gl=us
Course Hero: Homework Helper,"24/7 textbook homework answers & tutor help! Math answer scanner, problem solver",500000.0,4.4829125,11192.0,2536.0,67M,5.0,Course Hero,EDUCATION,https://play-lh.googleusercontent.com/e3zXsRHvfr078kzYA56-7TH9oWtAj5DAQuTOyN4X-G0kg_6e8HVCEU0F0F_AOJwM9A,Everyone,False,"Dec 16, 2015",1651040819.0,2.9.98,"['com.bartleby.learn', 'de.veedapp.veed', 'co.gotitapp.android', 'com.chegg.prep', 'com.chegg']",https://play.google.com/store/apps/details?id=com.coursehero.coursehero&hl=en&gl=us
Class 9 Math Science NCERT App,"CBSE Class 9 Study App-Maths Science English,NCERT Solutions, CBSE Sample Papers",500000.0,5.0,8374.0,7.0,22M,5.0,"EduRev: Learning, Mock Test & Exam Preparation App",EDUCATION,https://play-lh.googleusercontent.com/uALGV_TVs_X7sl4VKl_Lo0W56zcrecEsKYzKJVNd4ZbD_R5AKiaxey5Ykho8osvfVQ,Everyone,False,"Feb 3, 2017",1651836739.0,3.4.6_class9,"['com.edurev.humanities', 'com.edurev.commerce', 'com.instapreps']",https://play.google.com/store/apps/details?id=com.edurev.class9&hl=en&gl=us
Learn Computer Course- offline,"learn about the Computer and fundamental basics of computer hardware, software",500000.0,4.58,6937.0,85.0,6.3M,4.4,learning applications,EDUCATION,https://play-lh.googleusercontent.com/W2Ukj9zJ12FwS9hzZh5-UTaW1aZDGaSzZO2xnIsvKGbil_1pFdxEi-3HocWufEOz,Everyone,True,"Dec 5, 2019",1648574597.0,1.22,"['akb.foc.com', 'com.codepoint.computerProgramming', 'com.manjuapps.fullexcelcoursenew', 'com.toralabs.mathsnotes', 'com.toralabs.chemnotes']",https://play.google.com/store/apps/details?id=com.learn_computer.course_free&hl=en&gl=us
Wondrium - Learning & Courses,Stream educational videos and audio content led by engaging experts!,500000.0,3.5414848,3395.0,1107.0,115M,8.0,The Teaching Company,EDUCATION,https://play-lh.googleusercontent.com/kZFCBhKfbO6AYHRvMrqk9SLPl4jPqJk-DGlg7xoWFRvW9Gsvh7VLSQWbtW-kQP1qqhpL,Teen,False,"Aug 2, 2015",1649235750.0,6.1.3,"['com.emeritus.mobile', 'com.alison.mobile.flutter', 'com.skillshare.Skillshare', 'fm.alpe.app', 'org.edx.mobile']",https://play.google.com/store/apps/details?id=com.tgc.greatcoursesplus&hl=en&gl=us
LearnVern Online Courses,75+ Full Courses Taught in Hindi + Certificate Available,500000.0,4.464286,18618.0,18.0,47M,5.0,LearnVern,EDUCATION,https://play-lh.googleusercontent.com/q4taFZybLETS5mAwsrv0myMpLOmOEIHPEJvNUDBqVkwlg6lktsz78Dmrh3-GIMNPO-Q,Everyone,False,"Nov 9, 2016",1646422268.0,1.58,"['com.mobile.simplilearn', 'org.edx.mobile', 'com.alison.mobile.flutter', 'org.coursera.android', 'com.codepoint.computerProgramming']",https://play.google.com/store/apps/details?id=com.tops.learnvern&hl=en&gl=us
Praadis Education Learning App,The complete learning app for students from 3rd to 12th,100000.0,5.0,4692.0,6.0,Varies with device,Varies,PRAADIS TECHNOLOGIES INC,EDUCATION,https://play-lh.googleusercontent.com/K0c1N5AwP31M1SoZaxxiq-0oEEeC7tqGYB3U4qF2rZHNatPXMN2YSEFgOyxazTmb2g,Everyone,False,"Jan 17, 2019",1647944992.0,Varies with device,"['tv.schola.app', 'air.mobi.ka.platform.gp.cont1.free', 'com.tlmghana.graidup', 'air.mobi.kidsacademy.gp.container4.free', 'com.crawlingbabies.nurserypreprimary']",https://play.google.com/store/apps/details?id=com.praadis.education&hl=en&gl=us
Classroom,"The first learning app in Bangladesh, making education enjoyable to students.",100000.0,4.6,3007.0,4.0,132M,5.0,ClassRoom,EDUCATION,https://play-lh.googleusercontent.com/7WCj4YBNuQII5GHJ5g1xARTm8oqV_mX0mmWwV6RgkzVFeI8DbjywbIcyarm3KxFZww,Everyone,False,"Jul 29, 2019",1622176829.0,7.19.01,"['com.mbillah.tense', 'com.mobile.simplilearn', 'com.emeritus.mobile', 'com.coursicle.coursicle']",https://play.google.com/store/apps/details?id=bd.com.classroom&hl=en&gl=us
E-Learning Platform,E-Learning Platform is an online teaching and learning system application.,100000.0,0.0,,0.0,1.9M,4.0,Alexander Tarigan,EDUCATION,https://play-lh.googleusercontent.com/1mkDivk0Eg10_0Dqd2xc9E17-XUvqkqetZDoRIxA1aznn1H_Q_vCwETsgrvTsTpMbg,Everyone,False,"Nov 10, 2019",1573405541.0,2.0,"['com.m360.android', 'com.OpenLearningClient', 'com.skillsoft.learn.android', 'com.crossknowledge.learnguided', 'com.emeritus.mobile']",https://play.google.com/store/apps/details?id=com.alexa.elearningplatform&hl=en&gl=us
Edukoya - Learning App (beta),Edukoya app instantly connects students with expert tutors.,100000.0,4.428571,518.0,5.0,27M,7.0,Edukoya,EDUCATION,https://play-lh.googleusercontent.com/Nk7vOCw1YWjLCDk57C-v5RRDTxF_iXXZj7_VBclLBUnjFLCpsymaBKMC1Kii-G2RLw,Everyone,False,"Nov 30, 2021",1649867439.0,0.9.1,"['com.josephjawahkebbie.wasscesyllabus', 'com.study.app', 'com.OpenLearningClient', 'com.alison.mobile.flutter', 'com.pdquila.ieltsessay']",https://play.google.com/store/apps/details?id=com.edukoya.app&hl=en&gl=us
Administration course,Free Administration Course,100000.0,0.0,,0.0,8.8M,4.1,Network24,EDUCATION,https://play-lh.googleusercontent.com/DAYTrTx45DLIDUXDpSvT2sIpVlR35coUEI5LlctJ599wdDKnnBu2mrJ6cUr1qF3uDXs,Everyone 10+,True,"Apr 9, 2017",1611690159.0,1.08,"['io.educup.aprendizfinanciero', 'soy.emprendedor', 'com.el_cuadrante_del.flujo_del_dinero', 'com.KeiverTorres.compulearn', 'com.spreaker.custom.prod.app_52292']",https://play.google.com/store/apps/details?id=com.appsalanya.cursodeadministracion&hl=en&gl=us
English Basic - ESL Course,"The App will improve your English speaking, listening, and understanding",100000.0,4.5841584,695.0,58.0,16M,4.1,MobileEnglish,EDUCATION,https://play-lh.googleusercontent.com/Rce8kyzTpICo4YFJoHnCOsGRMxPq3O6CZ2FfJvNQtxvnBKzU2eYNVXQvpIxdgrvH9dI,Everyone,True,"Apr 13, 2017",1567088004.0,1.16,"['x.kelynle.studio.words2', 'english.mimosa.toelfvocabulary', 'com.rj.quickenglish', 'com.atentertainment.britishconversation', 'com.bbest.englishgrammarapp']",https://play.google.com/store/apps/details?id=com.mobilephl.esl&hl=en&gl=us
ReSkills,"An Edtech company, focuses on education-based service in Southeast Asia.",100000.0,0.0,,0.0,285M,6.0,ReSkills EdTech,EDUCATION,https://play-lh.googleusercontent.com/3wFn-mnHFTk6lqyzhX0y6M1YQDK6KCOShqf2YUlSS8bqQ6fC1UYnmGMP1RS7eofNaGM,Everyone,True,"Feb 6, 2021",1652201559.0,8.1.3,"['com.emeritus.mobile', 'org.domestika', 'com.chegg', 'com.mobile.simplilearn', 'com.instapreps']",https://play.google.com/store/apps/details?id=com.render.reskills&hl=en&gl=us
"Learn SEO, SMO, PPC and Digital Marketing course","Complete Step By Step Guide & Tutorials of Digital Marketing, SEO, SMO Course",100000.0,4.163265,2477.0,25.0,20M,5.0,WsCube Tech,EDUCATION,https://play-lh.googleusercontent.com/NvMJEZVhXN0wC71ZulbVwU_oaU7Edu5toh6fzeIZogBXfUNMhyboxSNOuwwPGpunj0dB,Everyone,True,"Oct 26, 2016",1644902146.0,5.63,"['digitalmarketing.digital.marketing.dm.ads.learn.socialmedia.onlinemarketing', 'com.mobile.simplilearn', 'com.plai', 'com.alison.mobile.flutter', 'web.webdev.webdevelopment.createwebsite.makewebsite.learnwebsite.learnweb.html']",https://play.google.com/store/apps/details?id=com.wscubetech.seovideotutorials&hl=en&gl=us
CBSE Class 1 App: NCERT Solutions & Book Questions,"CBSE Class 1 App NCERT Solutions NCERT Textbook, 1st Class CBSE Question Paper",100000.0,0.0,,0.0,23M,5.0,"EduRev: Learning, Mock Test & Exam Preparation App",EDUCATION,https://play-lh.googleusercontent.com/qoEdgSBnXxpT-f5rEltHvTejlC9vNkCD9d8V_c6DYQldVqbTKLcrnXXs4MzxDP8FtPo,Everyone,False,"Aug 17, 2019",1648542854.0,3.3.9_class1,"['com.urva.englishkidsapp', 'earlylearn.kidslearningworld', 'com.crawlingbabies.nurserypreprimary', 'com.skc.smartkidzclub', 'com.whizkidzmedia.youhuu']",https://play.google.com/store/apps/details?id=com.edurev.class1&hl=en&gl=us
CBSE Class 4 App: NCERT Solutions & Book Questions,"CBSE Class 4 App NCERT Solutions NCERT Textbook, 4th Class CBSE Question Paper",100000.0,0.0,,0.0,22M,5.0,"EduRev: Learning, Mock Test & Exam Preparation App",EDUCATION,https://play-lh.googleusercontent.com/YOiwxub_YankXCJIC1WMiPFatIT54_bONgFpm_KSeK7OYtEi7GtIXDc50y_PNZ8qOk8,Everyone,False,"Aug 17, 2019",1651835870.0,3.4.6_class4,"['com.ackaddeveloper.spellingbee', 'com.ashvindalwadi.kidsspellinglearning', 'com.kevinbradford.games.thirdgrade', 'org.thatquiz.tqmobclient', 'com.kevinbradford.games.fourthgrade']",https://play.google.com/store/apps/details?id=com.edurev.class4&hl=en&gl=us
CBSE Class 5 App: NCERT Solutions & Book Questions,"CBSE Class 5 App NCERT Solutions NCERT Textbook, 5th Class CBSE Question Paper",100000.0,0.0,,0.0,23M,5.0,"EduRev: Learning, Mock Test & Exam Preparation App",EDUCATION,https://play-lh.googleusercontent.com/LkkBJVW1t7ZOBFRXOsYK4eUhObco59PwgwfuBgt9rhzZ4cY5Hkt21r72EJkX5rNgKNA,Everyone,False,"Jun 27, 2019",1648543428.0,3.3.9_class5,"['org.thatquiz.tqmobclient', 'com.educationperfect.client', 'com.ackaddeveloper.spellingbee', 'effortlessmath.commoncore6th', 'com.kevinbradford.games.fifthgrade']",https://play.google.com/store/apps/details?id=com.edurev.class5&hl=en&gl=us
Online Courses + Certificate,"Choose from over 50,000 online courses and video tutorials. Learn now",100000.0,3.8214285,318.0,11.0,3.5M,4.0,JobboJ APP - job tools,EDUCATION,https://play-lh.googleusercontent.com/06Ow8WqfQ0fmwAXHyH8YSQBBHV9jsh78kXZIkabUSWM_C-H0el2dXoi6q9cp7yr2RGU,Everyone,True,"Jan 13, 2018",1605707322.0,5.0,"['com.gurucan.gurucan', 'org.edx.mobile', 'com.mobile.simplilearn', 'com.lectera', 'com.alison.mobile.flutter']",https://play.google.com/store/apps/details?id=com.jobboj.freeonlinecourses&hl=en&gl=us
Crash Course,Watch thousands of educational videos and review your learning!,100000.0,4.6039605,2384.0,198.0,55M,4.4,Complexly LLC,EDUCATION,https://play-lh.googleusercontent.com/FmMPAT4QdGT80VHcO0UhKOlcPKJ4w1RBmYYYO1urcfuWxhdVJYiHS7bf95V4YQkeeD8,Everyone,False,"Apr 30, 2020",1633356458.0,1.6,"['com.pluralsight', 'com.skillsoft.Percipio', 'org.edx.mobile', 'com.inthelab', 'org.coursera.android']",https://play.google.com/store/apps/details?id=com.complexly.thecrashcourse&hl=en&gl=us
Nutrition Course,"Nutrition course, study human nutrition.",50000.0,0.0,,0.0,3.5M,4.1,Susanapp,EDUCATION,https://play-lh.googleusercontent.com/4aJt_WJBXARSPV6GST5mZdDlYv16hvHpW8F_vGjvSvN4ud-Lp9eqvutJFaPy995DWsg,Everyone,True,"Aug 4, 2017",1585691059.0,72.0,"['com.medicalgroupsoft.medical.nutients12.free', 'co.healthium.nutrium', 'nutrimind.net.paginapaciente', 'com.platejoy.app', 'com.medicalgroupsoft.medical.nutients12.paid']",https://play.google.com/store/apps/details?id=com.susanapp.cursodenutricion&hl=en&gl=us
Learn Computer Course Offline Free,This app contains a computer basic course and an advanced course for a beginner.,50000.0,4.4,191.0,3.0,20M,4.1,skappstudio,EDUCATION,https://play-lh.googleusercontent.com/jQc9oagg580u7_A_66s2rbHh79u8KMVpKd2UN41S6eqfE5OeB5DmICd_lfNp3jfrAOfY,Everyone,True,"Mar 17, 2021",1629095879.0,1.4,"['com.codepoint.computerProgramming', 'com.manjuapps.fullexcelcoursenew', 'cn.computernetworks.networks.networking.learn.toplogy.lan.wan', 'akb.foc.com', 'techmasterplus.computerawarenessmcq']",https://play.google.com/store/apps/details?id=com.skappstudio.learncomputercourse&hl=en&gl=us
Lurningo - Education App,Lurningo â€“>> Education â€“ Employability - Employment,50000.0,0.0,,0.0,128M,5.0,TeamLease EdTech Ltd.,EDUCATION,https://play-lh.googleusercontent.com/4P9uuxzk9vMTVrKyC0FESvvCyj_LD1XngDbC1s4iWR4FsbJE5i_8tnBdGb-rnFTpMCo,Everyone,False,"May 31, 2016",1647242135.0,8.1.09,"['com.skillsoft.learn.android', 'com.emeritus.mobile', 'com.degreed.android', 'com.skillsoft.Percipio', 'com.edcast']",https://play.google.com/store/apps/details?id=com.lurningo.android&hl=en&gl=us
Smaterr Learning App,Smaterr e -Learning app,50000.0,3.3636363,1640.0,18.0,29M,5.0,Smaterr,EDUCATION,https://play-lh.googleusercontent.com/pjHiU3DCwJq_rWgY2YCFmo1ojbIUuBY4bovXTwZE6iphX9m2dS5iEyXWUci3-L6LlwO1,Everyone,False,"May 13, 2019",1650992915.0,2.3.0,"['com.trmapps.how_to_learn_faster_and_remember_more', 'earlylearn.kidslearningworld', 'com.bbest.englishgrammarapp', 'spelling.skynetcomputing.com.au.spelling', 'effortlessmath.commoncore8th']",https://play.google.com/store/apps/details?id=com.maxconnect.smaterr&hl=en&gl=us
Converge Study Abroad,Social Engagement Platform for Study Abroad Aspirants,50000.0,4.3076925,1944.0,9.0,64M,6.0,Converge Edutech Private Limited,EDUCATION,https://play-lh.googleusercontent.com/4j2XUzYCvWvEHTSQHLo1WjGjCUOfERgKcbMHV_5HqA_euQ5Wx3-zp1E99P6dhIoyFc8,Everyone,False,"Oct 1, 2020",1647513329.0,2.15,"['com.emeritus.mobile', 'com.mobile.simplilearn', 'com.instapreps', 'com.app.unicaf', 'com.OpenLearningClient']",https://play.google.com/store/apps/details?id=com.converge.converge&hl=en&gl=us
Cerego,"You learn, Cerego remembers -- give it a shot, and advance the way you study.",50000.0,4.23,479.0,80.0,22M,5.0,Cerego Inc.,EDUCATION,https://play-lh.googleusercontent.com/KD7pjJL4yzDqhZ13w2-_gvO5REQEkjeuiVeBU8uMmpUVAewo45FH6NO56xsPDuEFzA,Everyone,False,"Mar 1, 2016",1652216419.0,7.9,"['air.com.yudu.ReaderAIR4697674', 'com.nounshoun.app', 'com.ef.mentorapp.sounds', 'com.optilingo_app', 'uk.co.disciplemedia.homeschool']",https://play.google.com/store/apps/details?id=com.cerego.cerego&hl=en&gl=us
Roducate - Great Learning App,Curriculum-Based Education - Learn And Pass Exams; With Games And Prizes.,50000.0,4.111111,258.0,7.0,3.5M,5.1,Robert and John Limited,EDUCATION,https://play-lh.googleusercontent.com/fibWvOvlnEk94ecX9TQtwEkn1iAVkK1TeNqS6Wfn3z087UWTp0l11x9-tg8Yt-Gs05Cs,Everyone,False,"May 13, 2014",1623022798.0,3.0.7,"['com.mathtutordvd.mathtutor.mathtutor', 'com.tlmghana.graidup', 'com.english.vivoapp.grammar.grammaren', 'com.holucent.math', 'com.geniebook.android']",https://play.google.com/store/apps/details?id=com.educ.roducate&hl=en&gl=us
ROOTs Edu,"Learning App for SSC, HSC, Admission Students",50000.0,4.116279,2047.0,23.0,163M,5.0,ROOTs IT,EDUCATION,https://play-lh.googleusercontent.com/vOnJe5MIPsFlWPeeDvRtIPFSc3ZtNAr2-VIDlDwsHyW0jDOuy8ZcxMsB8nLfcYJ7Fmk,Everyone,False,"Aug 11, 2020",1651135196.0,2.10.15,"['com.oneous.bangladict', 'com.mobtop.android.bangla', 'com.qanda.learnroom', 'com.myanlearn_for_students', 'com.rove.rovepapers']",https://play.google.com/store/apps/details?id=com.roots.edulive&hl=en&gl=us
Emerging Study - Learn Online,"This is an eLearning app aimed to offer SSC, HSC exam preparation and model test",50000.0,5.0,790.0,6.0,75M,6.0,Emerging Study,EDUCATION,https://play-lh.googleusercontent.com/YMpPbUm-_qBeEBR5EX9M0XxFNh2MyygE8psKfywp2xjBcp_Lja-ogdK4WTbSjVfvZUg,Everyone,True,"Apr 27, 2021",1642676755.0,2.6.11,['com.mobtop.android.bangla'],https://play.google.com/store/apps/details?id=com.emergingit.emergingstudy&hl=en&gl=us
Saylor Academy,Learn on the go with Saylor Academy!,50000.0,4.5,232.0,8.0,16M,4.4,Saylor Academy,EDUCATION,https://play-lh.googleusercontent.com/U3DHuuJ2ZQVOZaFv8QiGzzU2Av_Sd3Gf9xD7ZNBOtMaL6XVLNzX2eVFyqd6E5DB1zA,Everyone,False,"Dec 20, 2019",1599229732.0,3.9.2,"['com.teachco.TGCviewer', 'com.mobile.simplilearn', 'com.alison.mobile.flutter', 'com.emeritus.mobile', 'com.OpenLearningClient']",https://play.google.com/store/apps/details?id=com.moodle.saylor&hl=en&gl=us
WiseeClass,WiseeClass is a platform for conducting online teaching,10000.0,0.0,,0.0,238M,5.0,SparkIT Techno Solutions Pvt Ltd,EDUCATION,https://play-lh.googleusercontent.com/EqnY-aQtjNER-0Pa-91GAhW9QYfrzPBxCGWRwdxnGpQ9TNoB4qOoMOgY0e9rBzQX14bf,Everyone,False,"May 11, 2021",1649452836.0,1.1.28,,https://play.google.com/store/apps/details?id=com.wise.eclass&hl=en&gl=us
Ghoori Learning-Online Courses,Explore different skill development courses & Learn to grow your skills!,10000.0,4.25,456.0,7.0,5.2M,5.0,Dotlines,EDUCATION,https://play-lh.googleusercontent.com/zaPKlHINjt7-ZXGLiTx_ZBVZtM4bw7CPh6wPDQe6fO_WM2IPOYVbXkUPNqFudiGymQ,Everyone,False,"Jan 3, 2022",1647180873.0,1.3.1,"['com.instapreps', 'com.britishcouncil.ieltsprep', 'com.mobtop.android.bangla', 'com.oneous.bangladict', 'com.emeritus.mobile']",https://play.google.com/store/apps/details?id=com.ghoorilearning&hl=en&gl=us
mKiddo â€” Kids Learning App,"A to Z for kidsâ€™ learning â€” Interactive learning, letters, numbers and more",10000.0,0.0,,0.0,28M,5.0,MoMagic Bangladesh Limited,EDUCATION,https://play-lh.googleusercontent.com/8eM36NcAwtZJQbi70RhfQXTRb7VwVlW4xl6DFjT81DyR_OwQrjNydAoTtLT3y6XioKef,Everyone,False,"Apr 20, 2020",1651294853.0,2.6.0,"['com.whizkidzmedia.youhuu', 'com.tlmghana.graidup', 'com.urva.englishkidsapp', 'air.mobi.ka.platform.gp.cont1.free', 'earlylearn.kidslearningworld']",https://play.google.com/store/apps/details?id=com.momagic.mkiddo&hl=en&gl=us
Course with certificate online,Online Courses with certificate | Udemy Coupons | Play Quizzes,10000.0,4.25,694.0,13.0,11M,4.4,Suman Mondal,EDUCATION,https://play-lh.googleusercontent.com/bIRk2hVH9lqT-OAXKSvq8g2Vm8jYwouGghe2auPtOaZm29lHlMlsDWTKpjM0GFOfSLQ,Everyone,True,"Feb 17, 2021",1640158200.0,2.2,"['com.alison.mobile.flutter', 'com.mobile.simplilearn', 'com.OpenLearningClient', 'com.udemy.android.ufg', 'com.teachco.TGCviewer']",https://play.google.com/store/apps/details?id=com.myEdcoupon.freecourses&hl=en&gl=us
TeacherTube Educational Videos,"A community for sharing media content for teachers, schools, and home learners.",10000.0,3.7741935,71.0,17.0,1.0M,2.3.3,Salem Media Group,EDUCATION,https://play-lh.googleusercontent.com/J5RA7qLu4TDXgwR3EZ_gGLO8ivejf7cr3JsIjtlK9ZWmUzlTIrzzIz67aNhjPdwao7UG,Everyone,True,"Jun 5, 2015",1433491582.0,1.0,"['com.adambellard.timeguru', 'com.publicmediaapps.brpbs', 'com.teleprompter', 'com.knowingmore.android', 'com.transfinder.stopfinder']",https://play.google.com/store/apps/details?id=com.teachertube.webviewapp&hl=en&gl=us
BacBon School,BacBon School is one of the biggest online educational platforms in Bangladesh.,10000.0,4.6,425.0,3.0,61M,5.0,BacBon Ltd.,EDUCATION,https://play-lh.googleusercontent.com/klLIbgn-AZz0BmGFsdadPItXwzeds6AYs7_B360b4h-_NC40p5Cl0U0kgSJcvlh0hXab,Everyone,False,"Aug 5, 2019",1648702275.0,1.5.31,"['com.oneous.bangladict', 'com.mobtop.android.bangla', 'com.coursicle.coursicle']",https://play.google.com/store/apps/details?id=com.bacbonltd.bacbonschool&hl=en&gl=us
Richmond Learning Platform,Richmond LP,10000.0,0.0,,0.0,40M,6.0,"Grupo Santillana EducaciÃ³n Global, S.L.",EDUCATION,https://play-lh.googleusercontent.com/IztNO824M3RHt-00NY6AzJKGHZ0BJT_q1S-ccXazzn1pqUKj9rQZCK9d1w707FnlvQ,Everyone,False,"Nov 7, 2019",1640161248.0,34.0.5,"['com.innovamat.bmath', 'com.innovamat.innovamat', 'com.brainpop.brainpopeslandroid', 'com.StoreUnlimit.ReaderPro', 'com.santillana.pupitre']",https://play.google.com/store/apps/details?id=com.avallain.richmond.rlp&hl=en&gl=us
ABC Academy BD,One of the best education app in Bangladesh named ABC Academy BD.,10000.0,5.0,116.0,3.0,4.7M,6.0,Real Time Solution,EDUCATION,https://play-lh.googleusercontent.com/hm8VZUvqGlrr1KAXqo7H-RiHj8gxP5NBmRDa2lssji4kAkmcUUQJqdkzk6DUioR1kAM,Everyone,False,"Jul 27, 2021",1637527753.0,2.2.1,['com.hltcorp.aswb.masteryux'],https://play.google.com/store/apps/details?id=com.abcacademybd.onlinelearning&hl=en&gl=us
Learn Smart Classroom,Pakistanâ€™s leading K-12 digital learning solution for schools,10000.0,0.0,,0.0,8.8M,5.1,Knowledge Platform,EDUCATION,https://play-lh.googleusercontent.com/3sRcNh3h0Ucn4ev9k9VtqXI2wCriJ3Lobsn9Fzy6uZ8C9RpxACjLSZH8YFHkk7Rizi0,Everyone,False,"Jun 1, 2020",1610354024.0,1.5.2,"['com.splashtop.classroom', 'com.teacherkit.app', 'com.tabnova.classroomapp', 'com.bodhiaiteacherflutter.in', 'com.classtag']",https://play.google.com/store/apps/details?id=com.knowledgeplatform.lsc&hl=en&gl=us
Teams By Lurningo,Teams By Lurningo is the corporate learning platform from Schoolguru.,10000.0,2.3333333,1256.0,2.0,128M,5.0,TeamLease EdTech Ltd.,EDUCATION,https://play-lh.googleusercontent.com/0ujRJ6EMknM1clq8dBy49bDTcMV2wVEytQ1HWTjVo4-zJyeZB-ghczObqbu4x2spiLY,Everyone,False,"Feb 20, 2020",1646399399.0,3.1.09,"['com.swivl.android', 'uk.co.insite.team', 'com.teqneers.myteam', 'com.teamapp.teamapp', 'com.theteamplans']",https://play.google.com/store/apps/details?id=com.lurningo.teamsbylurningo&hl=en&gl=us
"Lectera â€” online education, online courses",Learn and earn: get the required competencies and skills with Lectera courses!,5000.0,0.0,,0.0,6.4M,5.0,Lectera,EDUCATION,https://play-lh.googleusercontent.com/zUUzHrnPaUz-CN5sU8rX10VregdrqyZMrJVUGS2Aiyxo26CMdoMO3pWZSE-PWBgMYA,Everyone,False,"Nov 12, 2020",1648653104.0,2.5.0,"['com.gurucan.gurucan', 'face.anyclass', 'org.stepic.droid', 'app.eduko', 'com.ispring.islearn']",https://play.google.com/store/apps/details?id=com.lectera&hl=en&gl=us
WinjiGo StudentKit,WinjiGo StudentKit is an app that allows students to manage their courses,5000.0,0.0,,0.0,47M,4.2,ITWorx Education,EDUCATION,https://play-lh.googleusercontent.com/SMZ3k1ATbm0uvLlw1Pi6ZW26gMpn1dhIVFQ0t86iGEgtbtWkHEI4fYbc5J9pj1Kcae8,Everyone,False,"Apr 27, 2017",1646737429.0,2.27.0,"['com.toptekkers.toptekkers', 'com.badr.english2021']",https://play.google.com/store/apps/details?id=com.itworx.winjigostudent&hl=en&gl=us
Courstube: Courses to learn,Thousands of courses available to everyone. Programming private classes,5000.0,4.714286,262.0,6.0,8.0M,5.0,Crazy Ideas,EDUCATION,https://play-lh.googleusercontent.com/ue9kgxfeT2HMzdNWXQvsyQ77L_VIalNJaEcW_z2Yi9jenFfqpbBr1BBPvixxWgP8jDc,Everyone,True,"Apr 10, 2021",1650957119.0,1.0.1.4.3.9,"['com.crehana.android', 'com.platzi.platzi', 'com.institutofuentes.android.guiaunamvg', 'com.gymglish.a9mobile', 'io.educup.matefacil']",https://play.google.com/store/apps/details?id=com.courstube&hl=en&gl=us
Prottoy - Visual Learning App,An Ed-Tech platform aiming to provide a world-class learning environment.,5000.0,0.0,,0.0,55M,5.0,Prottoy Edtech,EDUCATION,https://play-lh.googleusercontent.com/pWFO1IzPv_G9-NE336e-sdpqcpk7L1bmRpLYOZeM9F0nQCLH_LKdI_ln-mhEliYFbQ,Everyone,False,"Feb 21, 2021",1647431463.0,1.1.8,['com.becker.cpa2017'],https://play.google.com/store/apps/details?id=bd.com.prottoy&hl=en&gl=us
Digital Coach - IBA DU,The data driven IBA DU preparation app built with data of past 2 years' toppers.,5000.0,4.714286,234.0,8.0,45M,5.0,Thrive EdTech,EDUCATION,https://play-lh.googleusercontent.com/yZNBRLTCUzokHlpYrx80yfm_1zXWYtw7BUBsNRtsUhdJ3P1yOoUBhYlSqeYrzW2FRg,Everyone,False,"Jan 26, 2022",1652175783.0,1.24.0,"['tr.edu.ciu.ciumobile', 'com.ultramegatech.ey', 'com.britishcouncil.myclass', 'school.mero.lms', 'idealapplications.idealphysics']",https://play.google.com/store/apps/details?id=com.thriveedtech.digitalcoach&hl=en&gl=us
EdTech Worx,Pakistan's First Digital Interactive Platform.,5000.0,0.0,,0.0,22M,4.1,EdTech Worx,EDUCATION,https://play-lh.googleusercontent.com/9_ZI_SYU-odu5L-8yDn-OsqeZVcZ_K3H7uMdYIi5bzXi2u-V9pdJ-ZIe-Asnm3WFR9U,Everyone,False,"May 27, 2019",1593379728.0,1.0.29,"['it.positec.landroid', 'com.scotts.lawnapp', 'com.holte.timev2', 'de.farmnet365.active', 'de.consoft.oventrop.ovapp']",https://play.google.com/store/apps/details?id=com.edtechworxapp&hl=en&gl=us
Free Online Courses,Free Online Courses is an app which notifies users daily free courses,1000.0,0.0,,0.0,6.3M,5.0,RedTECH,EDUCATION,https://play-lh.googleusercontent.com/tc2yh9ik4pOOWBZEWVmmIzRQpb91rm2Qlo_23BtjzdVHm5bngUs9_gD6lPBMGxXyIwo,Everyone,True,"Feb 9, 2020",1581241364.0,1.0.0,"['com.teachco.TGCviewer', 'com.gurucan.gurucan', 'com.skillsoft.learn.android', 'com.coorpacademy.app', 'com.elitestrategictraining.courses']",https://play.google.com/store/apps/details?id=com.courses.redtechtut&hl=en&gl=us
Dr course (student),ØªØ·Ø¨ÙŠÙ‚ Ø¯.ÙƒÙˆØ±Ø³,1000.0,0.0,,0.0,58M,6.0,Devo tech,EDUCATION,https://play-lh.googleusercontent.com/e7DGV_MfpTH-OAJo4RSXPHS52qUOptFuslNDW0da62_2jojVbZO9GPwkkNlxrj6nLg,Everyone,True,"Aug 28, 2021",1651358380.0,1.4.40,"['de.Yass.X_ArabicMusnad', 'com.pronunciatorllc.bluebird.arabicalgerian', 'com.code.jupiter.learnjavascriptpro', 'com.fieldlevel', 'de.Yass.X_Araber']",https://play.google.com/store/apps/details?id=com.dr_course&hl=en&gl=us
Edutechs,Personal Edtech AI Assistant,500.0,0.0,,0.0,82M,5.0,M. Ekram,EDUCATION,https://play-lh.googleusercontent.com/aI5BjESHq5aF-vgIJhAXdpbrMBrAs4LjitLC8g4Rnu3v0ZekazS_XSit168-jwXlj5w,Everyone,False,"Oct 21, 2020",1651858887.0,44.9,"['com.zenkit.zenkit', 'com.mergemobile.fastfield', 'io.siteplan.sytex', 'com.zerion.apps.iform.main', 'com.mobimate.cwttogo']",https://play.google.com/store/apps/details?id=com.openvidu_react_native&hl=en&gl=us
Bluelogic EdTech ERP,Online Web-Portal for Schools,500.0,0.0,,0.0,4.7M,5.1,Bluelogic solution,EDUCATION,https://play-lh.googleusercontent.com/YYOrV811_5gqfCNAAczvGbeAVdi6dsiH0c9NfKij-tEVAr2TGQvUG7pku_7G9x-Iww,Everyone,False,"Jun 6, 2020",1636527704.0,1.3.445,"['com.bebyaz.examreader', 'com.ubihrm.ubihrm']",https://play.google.com/store/apps/details?id=com.bluelogic.bluelogicg&hl=en&gl=us
EdTech,You can use this app for study material Notes and more educational purposes.,500.0,0.0,,0.0,5.7M,6.0,DELLHOAK,EDUCATION,https://play-lh.googleusercontent.com/3hPKZzEFWWuQpAKE6cvv6DBALbcf0zBB2-Rj-aSdQFGiUXvN2wRZFiFt58CoNDJSCVg,Everyone,False,"May 20, 2021",1621530534.0,1.0,"['com.kharty.kharty', 'com.hosam.my_courses', 'studyhabitsnutritiontipsabitudinitanulmanyszokasok.cincotd4pza2mcw68gof42svi.yu5fl', 'com.ark_software.mathgen', 'com.trmapps.how_to_learn_faster_and_remember_more']",https://play.google.com/store/apps/details?id=com.dellhoak.edtech&hl=en&gl=us
EdTech Middle East,Technology is changing the face of education all over the world.,5.0,0.0,,0.0,11M,4.2,Moftah Publishing,EDUCATION,https://play-lh.googleusercontent.com/_8s3ICY2Si2-YKtdp05Uon6K-6e270MeNKJml1I6vkimK8mFpiv-zCfjmLgfA6hsWJUA,Everyone,True,"Dec 19, 2019",1576788351.0,2.5.1,"['com.olyappunited', 'com.emeritus.mobile', 'com.americasarmy.app.careernavigator', 'com.armynoncomtools.leadersbook', 'com.himumsaiddad.armyfit']",https://play.google.com/store/apps/details?id=com.edtechme.presspadnews&hl=en&gl=us
